EC,OutsideFarm-13,OutsideFarm-9,Baseline-28,Baseline-17,Baseline-4,Baseline-27,Baseline-13,Baseline-21,Baseline-16,Baseline-29,Baseline-8,Baseline-5,OutsideFarm-6,OutsideFarm-7,OutsideFarm-3,Baseline-1,OutsideFarm-11,Baseline-25,TxAntibiotic-10,Baseline-11,TxAntibiotic-2,OutsideFarm-1,Baseline-31,OutsideFarm-2,Baseline-14,Baseline-20,Baseline-30,Baseline-32,Baseline-7,Baseline-9,TxAntibiotic-1,Baseline-24,Baseline-12,TxAntibiotic-5,TxAntibiotic-3,OutsideFarm-4,Baseline-3,Baseline-10,Baseline-6,TxAntibiotic-12,TxAntibiotic-6,OutsideFarm-5,TxAntibiotic-7,Baseline-2,OutsideFarm-10,Baseline-19,OutsideFarm-8,TxAntibiotic-8,Baseline-18,TxAntibiotic-4,TxAntibiotic-9,OutsideFarm-12,Baseline-33,Baseline-22,Baseline-23,TxAntibiotic-11,Baseline-26,Baseline-15,Neg-1,Neg-2,Neg-4,Neg-3,Neg-5,SequencingBlank,Neg-6
1.1.1.1,5,4,4,4.17,5,4,5,4,5,6,5,6,6,4,6,6,6.82,6,4,6,6,6.14,3.2,6,5.94,6,6,6,6,6,6,5,5.78,6,6,6,6,6,6,4,5.02,6.99,4,6,6,5,5,4.01,6,6,4,5,4,6,5,4,4,5,7,6,5,5,5,6,5
1.1.1.100,5.74,6,4,4,5.58,4,5.53,3,5,4,6,4,4.37,4,4.36,4.03,4,5,4,4,5,5,2.53,4,4,4,4,4,4,4,4,3.36,4,4.15,4,5,4.01,4.61,4,4,4.14,4,3,5,4,4,4,4,4,4,3,3,3,4,4,4,2,4,4,4,3,3,6,4,3
1.11.1.15,9,9,9,9,9,9,9,9,9,8,8.99,9,9,9,8,8.81,8.82,9,9,8,8,9,9,9,9,9,8.86,9,8,8,9,9,8,8,8,9,8,8.44,8.52,9,8.14,9,9,9,8.84,9,9,9,9,8.74,9,9,9,9,9,9,9,9,9,9,8.85,9,9,8,8.99
1.11.1.21,2,3,3,3,3,3,3,3,3,3,3,3,3,3,3,3,2.96,3,3,3,3,3,3,3,3,3,3,3,3,3,3,3.01,3,3,3,3,3.21,3,3,3,3,3,3,3,3,3,3,3,3,3,3,3,3,3,3,3,2,3,2,3,2,3,3,3,3
1.11.1.6,7,9,8,7.17,8,7,8.15,6.48,8,7,8.53,7.98,7.99,7,7,7,6.86,8,7,7,7,7,6,7.54,7,7.85,7,7,7,7,7,7,7,7,7,7.23,7,7.23,7,7.05,7,7,6,8,7,7,7,7.96,7.02,7,6,7,6.2,7,7,7.2,6,7,5.08,6.25,7,7,8,7,7
1.1.1.169,7,7,6,6.15,6.87,6,6.59,5.02,6.01,6,6.52,6,6,6,6,6,6,6.99,6.03,6,6,6,5.89,6,6,6,6,6,6,6,6,6,6,6,6,6,6,6,6,6,6,6,5,6,6,6,6,6,6,6,6.01,6,6,6,6,6,5,6,6,6.96,6,6,6,5.99,6
1.1.1.205,5.91,4,4.4,4.17,4,4,4.02,4,4.02,4.86,4,4,4.22,4,4,4,5,4.99,5,4,4,4.98,4.69,4,4,4,4,5,4,4,4,5,4,4.02,4,4,4,4,4,5,4.14,5,4.01,4,4,4,4,4,4,4,4,4,4,4,4,4,4,4,7,4,4,4,5,4,4
1.1.1.22,4,6,6,6.01,6,6,6,6,6,5,5.99,5.46,6,6,5,6,5.82,6,6.22,5,6,6,6.01,5.73,6,6,5,5,5.43,5.62,6,6,5,6,5.72,6,5.08,5.99,5.98,6,6,6,6,6,5,5,6,6,6,6,6,6,6,6,6,6,6,6,7,6,5,5.3,6,7,6
1.1.1.23,5,6,5.83,6,6,6,6,5,6,5.96,6,5.93,6,5,5.19,5.43,5.84,6,6,5.96,5.58,6,5.92,6,5.6,6,5,6,6,5.98,5.14,6,5,5.95,5,6,6,6,5.09,6,5.14,6,5,6,5.77,5,5,5.28,6,5.99,5,5.89,5.67,5.87,5,6,5,5.01,5,5,5,4.69,5,6,6
1.1.1.25,4.97,6,5,5.17,6,5.75,6,5,6,5,6,6,6,5.17,5,5,5.54,6,5,5,5,6,5.92,5.47,6,6,5,5,5.71,5.01,6,5.13,6,5.06,5.24,6,5.01,6,5,5,5.14,6,5,6,5.62,5,5,5.91,5.52,6,5,5,5,6,5,6,5,5.29,5,5,5,6,5,5,5
1.1.1.261,3.32,3,3.01,3.74,3,4,3,3,3,3.94,3,4,3.63,3.82,3.85,3.94,3.87,3.62,4,3,3,3.01,3.93,3,3.96,3.01,4,3.95,3.07,3,3.22,4,3,3,3,3.99,4,3.16,3.34,4,3.13,3.19,4,4,3,3,3,3,4,3,3,4,3,3,3.94,3.99,3,3,3,3,4,4,4,3.92,4
1.1.1.262,4,5,4,4.93,5,5,5,4,5,5,5,5,5,4.99,5,5,4.82,5,4.3,5,5,5,4.75,5,5,5,4.46,5,5,5,5,5,5,5,5,5,5,5,5,5,4.53,5,4,5,5,5,5,4.89,5,6,4,5,4.11,5,4.05,5,4,4,3,5.24,5,5,4,5,4
1.1.1.267,4,6,5,5.71,6,5.09,6,4.33,6,6,6,6,6,5,6,6,5.82,6,5,6,6,6,5,6,6,6,5.87,6,6,6,6,5.95,6,6,5.97,6,6,6,6,6,5.74,6,5,6,6,6,6,6,6,6,5,5.74,5,6,6,5.28,5,6,4,5,6,7,5,5.03,5
1.1.1.27,3.33,2,2,3,2,2,2,2,2,3,2,3,3,3,2.02,3,3,3,3,2,2,3,3,2,3,3,3,3,3,3,3,3,3,2.77,3,3,3,2,3,3,2.41,3,3,2.91,3,3,2.57,2,2.99,3,2.01,2,2.59,3,2,3,2.44,3,4,3,3,3,3,2,2.07
1.1.1.290,2,3,2,2,3,2.44,3,2,3,4,3,4,4,2,4,4,3,4,3,4,3.91,4,3,4,4,4,4,4,4,3.73,4,3,3,3.03,4,4,4,4,4,2,3.01,4,3,4,4.86,3.99,4,3,4,3.01,3,5,4,4,4,2,7,5,2,4,3,3,3,3.31,4
1.1.1.3,5,5,5,5.17,5,5.88,5.01,5,5,5,5,5,5.05,5,5,5,5,5,5,5,5,5,5.91,5,5,5,5,5,5,5,5,6,5,5,5,5,5,5,5,5,5.13,5,6,5,5,5,5,5,5,5,5,6,5,5,5,6,5,5,5,5,5,6,5.98,5,5
1.1.1.304,3.02,2,2,2,2,2,2,2,2,2,2,2,2,2,2,2,2,2,2,2,2,2,2,2,2,2,2,2,2,2,2,2,2,2,2,2,2,2,2,2,2,2,2,2,2,2,2,2,2,2,2,2,2,2,2,2,2,2,2,2,2,2,2,2,2
1.1.1.34,4.93,2.06,3,3,2,3,2.77,3,2.05,3,2,2.82,3,2.34,2.22,2.09,3,3,3,3,3,3,3,3,3,3,3,3,3,3,3,3,2.85,3,3,3,3,3,3,3,3,3,3,3,3,2.13,3,3,2,3,3,3,3,3,3,3,3,3,4,3,3,3,2,2,2
1.1.1.37,4,2,2,2.05,2,2,2,2,2,2,2,2,2,2,2,2,2,2,3,2,2,2,2,2,2,2,3,2,2,2,2,2,2,2,2,2,2,2,2,3,2,2,2,2,2,2,2,2,2,2,2,2,2,2,2,2,2,2,2,2,3,2.38,3,2,2
1.1.1.38,2,2,6,2,2,7,2,2,2,2,2,2,2,2,2,2,2,2,6,2,2,2,2,2,2,2,2,2,2,2,2,2,2,2,2,2,2,2,2,2,2,2,2,2,2,2,2,2,2,2,6,2,2,2,2,5.18,3,2,2,2,2,2,2,2,5
1.1.1.42,4,4.03,4.98,4,4,4.96,4,4,4.54,4,4,4,4,4,4,4,4.01,4,5,3.95,4,4,4.92,4,4,4,4,4,4,4,4,4,4,4,3.78,4,4,4,4,5,4.02,4,4,4,4,4,4,4,4.01,4,4,4,4,4,4,4.95,4,4,3.02,5,4,3,3,4,4
1.1.1.44,5,4,4,5,4,4,4,7,4,4,4,4,4,4,5,4,5.65,4,4.84,4,5,5,4.92,3.61,3.98,4,4,5.99,4,4,4,7,5,5,5,4,4,3.88,4,5,3.14,5,8,3.01,3.2,4,4,4,4,4,4.32,4,4,4,4,7,5,4,6,3,6,4,3,5,3
1.1.1.49,6,6,6,6.17,5.17,6,5.51,6,6,6,5.53,6,6,5.66,5,5,5.82,6,6,5.39,6,5.71,6,6,6,6,5.98,6,5.07,5.54,6,6,5,6,5.93,6,6,6,6,6,5.14,6,5,6,6,5,6,6,6,6,6,5.97,6,6,5.41,6,5,6,5,5,6,5.99,6,6.99,5
1.1.1.85,4,3,3,3.17,3,3.96,3,3,3,3,3,3,3,3,3,3,3,3,4,3,3,3,3.92,3,3,3,3,3,3,3,3,3.95,3,3,3,3,3,3,3,4,3.14,3,3,3,3,3,3,3,3,3,3,3,3,3,3,3.65,3,3,4,2,3,3.86,4,4,3
1.1.1.94,7,7,6,6.17,6,6,6.24,6,6.02,6,6,6.01,6.46,6,6,6,6.82,7,6,6,6,6,6,6,6.93,6.85,6.69,6.01,6,6,6.75,7,6,6,6,6,6,6,6,6,6.02,6.07,6,6.03,6,6,7,6,7,6,6,6,6,6.86,6.21,6,6,7,5,6,6,7,5,5,6
1.1.1.95,6,5,4,4.11,5,5,5,4.92,5,5,5,5,5,4,4.97,5,4.82,5,5,5,4.87,5,4,5,5,5,5,5,5,4.92,5,4,4.22,5,4.81,5,5,5,5,5,4.14,5,4,5,5,4.13,5,4,5,4.51,4,4.06,4,4,4,4,4,4,4,5,4,4,5,3.98,4
1.13.12.16,6,8,7,6.17,7.83,6,8,6,7.2,7,7.95,7,7,6,7,7,6.82,7,6,6.64,6.99,7,5.93,7,7,7,6.86,6.99,7,6.83,7,7,6.93,7,6.98,7,7,7,7,6.98,6.14,7,6,7,7,6.98,6.95,7,7,7,6,6,6,6.97,6,6,5.52,7,6.16,7,6,7,7,6,6
1.14.14.5,2,3,2,2,2,2,2.04,2,2,2,3,2,2.03,2,2,2,2,2,2,2,2,2,2,2,2,2.08,2,2,2.91,2,2.99,2,2,2,2,3,2.37,2,2,2,2,2.23,2,2.29,3,3,2.96,3,3,2.02,2,3,3,3,3,2,5.98,3.99,2,2,2,2,2,2,2
1.14.99.50,2,3,3,2.01,3,2,4,2,3.28,3,3.21,3.01,3,2,3,3,3,3.01,2,3,3,3,2,3,3,3,3,3,3,3,3.98,2,3,3,3,3,3,3,3,2,3,3,2,3,4,3,3,3,3,3,2,2,2,3,3,2,2,3,2,4,2,3,3,3.2,3
1.1.5.12,2,2,2,2,2,2,2,2,2,2,2,2,2,2,2,2,2,2,2,2,2,2,2,2,2,2,2,2,2,2,2,2,2,2,2,2,2,2,2,2,2,2,2,2,2,2,2,2,2,2,2,2,2,2,2,2,2,2,4,2,2,2,2,2,2
1.1.5.3,7,8,7.01,7.93,8,7,8,8,8,8,8,8,8,7,7.94,8,7.82,8,7,8,8,8,6,8,8,8,8,8,7.96,8,8,7.9,8,7.99,7.69,8,8,8,8,8,7.14,8,7,8,8,7.01,7.99,7.74,8,8,7,7,7,8,7,8,6,7.47,7,8,8,8,8,7,7
1.1.5.4,8,3.05,3.38,3.34,3,3,3,3,3,3,3,3,3,3,3,3,2.28,3,5,2.07,3,3,3.85,3,3,3,3,3,3,2.68,3,3.99,2.8,2.89,2.6,3,3,3,3,3,3.04,3,3,3,2.01,3,3,3,3,3,4,3,3,3,3,4.49,2.99,3,2,3,3,3,3,2,3
1.17.1.4,2,4,3,2.97,4,2,4,2,4,3,4,3,3,2,3,3,3,3,2,3,3,3,2,3,3,3,3,2.89,3,3,3,3,3,3,3,3,3,3,3,2,2.14,2.16,2,3,3,2.31,3,3,2.99,3,2,2,2,3,2.97,2,2,2,2,3,2,2,3,3,3
1.17.1.8,4,5,5,5,5,5,5,4,5,4.93,5,5,5,4,5,5,4.82,5,4.01,5,5,5,4.91,5,5,5,4.38,5,5,5,5,5,5,5,5,5,4.7,5,5,5,4.14,5,4,5,5,4,5,5,5,5,4,4.58,4,5,4.4,5,4,4.8,4,5,5,5.99,5,4,5
1.17.1.9,6,3,3,3,3,3,3,2.99,3,3,3,3,3,3,3,3,3,3,3,3,3,3,3,3,3,3,3,3,3,3,3,3,3,3,2.14,3,3,3,3,3,3.03,3,3,3,3,3,3,2.63,3,3,3,3,3,3,3,3,2,2.62,2,3,3,2.97,3,2,3
1.17.4.1,8,8,9,8.17,8,8.9,8,8,8,8,7.53,8,8,8,7,8,7.93,8,9,7.02,7.99,8,8.52,8,8,8,8,8,7,7.74,8,9,7.82,7.94,7.66,8,8,7.44,8,8.64,8,8,8.99,8,8,8,8,8,8,8,8,8,8,8,8,9,8,8,8,7,8,8,8,8.76,8
1.17.7.3,2,4,3,3.01,4,3,3.83,3,4,3,3,3,3,3,3,3,3,3,4,3,3,3,4,3,3.14,3,3,3,3,3,3,4,3,3,3,3,3,3,3,4,3,3,3,3,3,3,3.1,4,3,3,4,3.07,3,3,3,3,3,3.01,2,2,3,4,4,3,3
1.17.7.4,3,4,4,3.17,4,3,4,3,4,3,4,3.01,3.19,3,3,3,3,3,3,3,3,3,4,3,3,3,3,3,3,3,3,4,3,3,3,3,3,3,3,3,3.09,3,3.04,3,3,3,3,4,3,3,5,3,3,3,3,3,3,3,2,3.99,3,3.01,3,3,2.12
1.18.1.2,4.99,4.02,5,4.17,4,4.68,4.06,4,4.52,4,4,4,4,4,4,4,3.82,4.06,4,4,4,4,4.98,4,4,4,4,4,4,4,4,5,4,4,4,4,4,4,4,4,4.09,4,4.17,4.94,4,4,4,4,4,4,5,4.03,4,4.31,4,4.96,4,4,4,4,4,4,4,4,3.1
1.1.98.6,6,2,3,3.34,2,3,2,3,2,3,2,2,2.15,3,2,3,3,2.92,3.98,2,2.06,3,3.93,2,2,3,3,3,2,2,2.01,3,2,2.01,2.98,3,3,3,3,3,2.04,3,3.99,2,2,3,3,2,2.33,2,4,3,3,2,2.99,4,3.28,3,5,3,3,3,3,3,3
1.2.1.12,6,4,4,4.17,4,5,4,4,4,3.15,3.02,3.09,4,4,4,4,4,4,5,4,4,4,4,4,4,4,4,4,4,4,4,5,3.46,4,3,4,4,4,4,4,3.77,4,4,4,3.88,4,4,4,3.86,4,4.96,4,4,4,4,5,4,4,4,3,4,5,5,3.88,3
1.2.1.19,2,4,2,2.17,4,2,4,2,4,2,4,3,4,2,3.73,3,2,3,2,3,3,3,2,3,3,3,2,2.02,3,2.99,2.99,2,3,3.01,3,3,3,3.68,3,3,3,3,2,3.01,3,3,2,3,3,3,2,2,2,2.28,2.97,2,2,2,2,4,2,2,3,2,3
1.2.1.27,3.01,6,4.93,4,6,3.19,6,3,6,4,6,4.36,5,4,5,4,4,5,3,4,4.05,4,2.91,4.79,4.47,4,4,4,4,4,4,4,4,5,4,5,4,4.2,4,4.77,4.12,4,3,5,4,4,4,5,4.04,4,3,3.1,3,4,4,3.95,2,3,3,3.79,3,4,3,4,4
1.2.1.38,5,6,6,6,6,6,6,5,6,5,6,5,6,5.96,5,5,5.36,6,6,5.01,5,5.52,5.17,5,5.02,6,5,5,5,5,5.88,6,5,5.05,5,6,5,5.98,5,5.81,5.14,6,5.99,5.98,5,5,6,6,6,6,5,5.17,5,5,5,6,5,6,5,5,4.03,6,6,5,6
1.2.1.41,4.03,6,5,6.17,6,6,6,5,6,6,6,6,6,6,6,6,5.82,6,6.02,6,6,6,7,6,6,6,5.19,6,6,6,6,6,5.93,6,6,5.99,6,6,5.91,6,5.99,6,7,6,6,5,6,6,6,6,6,6.01,6,6,6,6,6,6,6,6,6,6,6,5.74,6
1.2.1.70,6,6,6,6,6,6,6,5,6,6,6,5.79,6,5.84,6,6,5.82,6,6,5,6,6,6,6,6,6,6,6,5,5.81,6,6,6,6,5.07,5,6,6,6,6,5.14,5.52,6,6,5.23,5,6,6,6,5.09,6,6,6,5,5.7,6,5,6,5,5,6,6,6,4.99,5.36
1.2.1.8,4,3,2,2,3,2,3,2,3,2,3,2,2,2,2,2,2,2,2,2,2,2,2,2,2,2,2,2,2,2,2,2,2,2,2,2,2,2,2,2,2,2,2,2,2,2,2,2,2,2,2,2,2,2,2,2,2,2,2,2,2,2,2,2,3
1.2.1.88,4,2,2,2,2,2,2,2,2,2,2,2,2,2,2,2,2,2,2,2,2,2,2,2,2,2,2,2,2,2,2,2,2,2,2,2,2,2,2,2,2,2,2,2,2,2,2,2,2,2,2,2,2,2,2,2,2,2,2,2,2,2.8,2,2,2
1.2.3.3,2,2,2,2,2,2,2,2,2,2,2,2,2,2,2,2,2,2,2,2,2,2,2,2,2,2,2,2,2,2,2,2,2,2,2,2,2,2,2,2,2,2,2,2,2,2,2,2,2,2,2,2,2,2,2,2,2,2,4,2,1,2,2,2,2
1.2.4.1,7,7,6.97,6.17,7,6,7,5,7,6,7,6,6.21,6,6,6,6.82,6.14,6,6,6,6,5,6,6,6,6,6.99,6,6,6,6,6,6,6,6,6,6,6,7,6,6,5,6,6,6,6,6,6,6,6,5.02,5,6,6,6,5,6,6,5,6,6,6,5,5
1.2.4.2,7,8,7,7,7,7,7.79,7,7.01,7,7.99,7,7,6.9,7,7,7,7,7,7,6.96,7,6.98,7,7,7,7.1,7,7,7,7,7,7,7,6.94,7,7,7,7,7.96,7,7,7,7,7,7,7,7,7,7,7,7,7,7,7,8,6,7,5.02,6,6,6.99,8,7,6
1.2.7.3,4,2,2.99,2.32,2,2,2,2,2,2.98,2,2,2,2,2,2,2.31,2,2,2,2,2,2.82,2,2,2,3,3,2,2,2,3,2,2,2,2,2,2,2,3,2,2,2.99,2,2,2,2,2,2.03,2,2,2.24,2.95,2,2,3,2,2,2,3,2,2,3,3,2
1.3.1.12,5,5,5,5.17,5,5,5.26,4,5,5,5.17,5,5.05,5,5,5,5,6,5,5,5,5,5,5,5,5,5,5,5,5,5.01,6,5,5,5,6,5.09,5.42,5,5.76,5.14,5,5,5.03,5,5,5,5,5,5,5,5,5,5,5,5,4,5,4.62,5.99,5,5,6,5,6
1.3.1.9,5,4,3,4,3,3,3,3,3,3,3,3,3,3,3,3,3,3.13,4,3,3,3,3.88,3,3,3,3,3,3,3,3,3,3,3,3,3,3,3,3,4,3.04,3,3,3,3,3,3,3,3,3,3,3,3,3,3,3,3,3,3,4,3,3,4,4,2
1.3.1.98,7,6.9,7,6.17,6,7,6.3,6.02,7,7,6.81,7,7,7,7,7,6.82,7,6.03,7,7,7,7,7,7,7,6.86,7,7,7,7,7,7,7,7,7,7,7,7,6.97,6.14,7,7,7,7,7,7.07,7,7,7,7,7,7,7,7,7,7,7,6,7,6,7,7,6.08,6
1.3.3.4,4.06,4,4,4,4,3.9,4,3.37,4,4,4,4,4,3.07,4,4,4,4,4,4,4,4,3.18,4,4,4,4,4,4,4,4,4,4,4,3.85,4,4,4,4,5,4,4,3,4,4,4,4,4,4,4,3.2,4,3.89,4,4,3.39,3,3,4,4,3,4,4,3,4
1.3.5.1,6,5,4.18,5,5,5,5,4,5,5,5,4,5,4.69,5,5,4.94,4.91,5,4,4.99,4,4,4,4.87,5,5.43,5,5,5,4.95,5,4,5,4,5,4.01,4.21,5,6,5.14,4,4,5,4.27,4,5,5,5,4,4,4.69,4,4,4,5,3,4,3,4,4,4,5,4,6
1.3.5.2,6,6,5,5.01,6,5,5.87,4,5.99,5,5.53,5,5,5,5,5,4.84,6,5,5,5,5,4.91,5,5,5.02,4.99,5,5,5,5,5,5,5,5,5,5,5,5,5,5.07,5,4,5,5,5,5,5,5,5,4.98,5,5,5,5,5,4,5,3.77,4.67,4,6,5,4.92,4
1.3.8.4,2,4,3,2,4,2,4,2,4,2,4,3,2.02,2,2,2,2,3,2,2.61,2,2,2,2.39,2,3,2,2,3,2,2,2.58,2,3,2,3,2,2,2,2,2.14,2,2,2,2,2.18,2,3,2.01,3,2,2,2,2,2,2,2,2,2,3,2,3,2,2,3
1.3.98.3,3,4,4,4,4,4,4,3,4,3,4,4,4,4,3.21,3,3,4,4,4,3.99,3.77,4,4,4,4,3,3,3.09,3,3.97,4,3.17,4,3,3.58,4,4,3,3,3.45,4,4,4,3.05,4,4,4,4,4,5,3.97,4,3,3.23,4,3,4,3,3.23,3,3,5,3.08,3
1.4.1.1,5,4,4,4.17,4,4,4,4,4,5,4,4,4,4,4,4,4.82,4,4,4,4,4.03,4,4,4,4,5,5,4,4,4,4,4,4,4,4.63,4,4,4.03,5,4,4.05,4,4,4,4,4,4,4,4,5,4,4,4,4,5,4,4,4,5,3,5,5,4,4
1.4.1.2,6,8,8,7.17,8,7.68,8,7,8,8,8,8,8,7,7.05,7.96,7.82,8,8,7.96,7,8,7,8,8,8,7.86,8,7.11,7.63,8,7.97,8,7.98,7.27,8,8,8,8,8,7.14,8,7,8,8,8,8,8,8,8,7,8,8,8,8,8,8,8,6,7,7,8,8,7,7
1.4.3.16,6,7,6,6.17,7,6,7.01,6,7,7,7.37,7,7,6,7,7,6.82,7,6,7,7,7,6,7,7,7,6.86,7,7,7,7,6,7,7,7,7,7,7,7,7,7,7,6,7,7,7,7,6.79,7,7,6,6,6,7,6,6,5,6.17,5,7,6,7,7,7,5
1.4.3.19,4,3.24,2,2.35,3.88,2,3.98,2,3,3,3.31,3,3,2.97,3,3,3,3.09,3,3,3,3,2,3,3,3,3,3,3,3,3,3,3,3,3,3.42,3,3,3,3.02,3,3,2,3,3,3,3,3,3,3,2,2,2,3,2.97,3,2,3,2,3,2,3,2.95,3,2
1.4.3.5,5,6,6,5.17,6,6,6,5,6,5.79,6,5.59,6,5,6,6,5.82,6,6,6,5.3,6,5,6,6,6,5.17,6,6,6,6,5,6,5.94,5.94,6,6,6,6,5.75,5.14,6,5,6,6,5,6,6,6,6,5,5.97,5,6,5,5,5,5.86,4.99,6,5,6.98,6,6.58,5
1.4.4.2,7,7,7,7,7,7.95,7,6,7,7,7,7,7.01,7,7,7,7,7,7,7,7,7,6.93,7,7,7,7,7,7,7,7,7,7,7,6.99,7,7,7,7,7,7,7,7,7,7,7,7,6.32,7,7,7,6.99,6.98,7,7,7,6,7,6,7,6,6.59,7,6,7
1.5.1.2,5,6.04,6,5.53,6,6,6.01,5,6,5,6,6,6,6,5.96,6,5.82,6,6,6,5.99,6,6,6,6,6,5,5,6,5.32,6,6,5.92,5.75,5.65,6,6,6,5.94,6,5.14,6,6,6,6,6,6,6,6,6,5,6,5,5.86,6,6,5,6,6,5,6,6,6,6,6
1.5.1.20,4.03,4,4,4.17,4,4,4,4,4,4,4,4,4,4,3.67,4,4,4,5,3.97,4,4,4.99,3.85,4,4,4,4,4,4,4,4.07,4,4,4,4,4,3.88,3.98,4,4,4,4.18,4,3.68,4,4,4,4,4,4,4,4,4,4,4,4.06,4,5,4,4,4.65,5,4,4
1.5.1.3,3,3,3,3,3,3,3,3,3,3,3,3,3,3,3,3,2.01,3,3,2.93,2.6,3,3,2,3,3,3,3,2.63,2.93,2.99,3,2.75,2.67,3,3,3,2.89,2,3,2.14,2.98,3,3,2.29,3,3,3,2.66,3,3,3,3,2.24,3,3,2.78,3,2,3,3,3,3,3,3
1.5.3.1,5,8,6,6.17,8.01,6,8.03,6,8.22,8,8.53,8,8.33,6,8,8,8,9,5,8,8,8,3.9,8.02,8,8,8,8,8,8,9,6,8,8,8,9,8,8.02,8,6.14,7.14,8,5,8.31,9,8,8,7,8,8,6,7,6.05,8,7.74,6,4,8,5,8,7,7,8,8,7
1.6.1.2,6,7,6.13,6.17,7,6.34,7,6,7,6.03,7,6.13,6,6,6,6.12,6,6.99,7,6,6,6,6,6.01,6.41,6.03,6,6.41,6,6,6.05,6.92,6,6,6,6.93,6.06,6.43,6,7,6.14,6.01,6,7,6,6,7,7,6.91,6,5.41,6,6,6,6,6,5,6,6,6,6,7,7,6.04,6.12
1.6.5.3,2,2,2,2,2,2,2,2,2,2,2,2,2,2,2,2,2,2,2,2,2,2,2,2,2,2,2,2,2,2,2,2,2,2,2,2,2,2,2,2,2,2,2,2,2,2,2,2,2,2,3,2.98,3,2.99,3,2,5,3,2,2,2,2,2,2,2
1.7.5.1,5,2,2,2,2,2,2,2,2,2,2,2,2,2,2,2.15,2,2,2,2,2,2,2,2,2,2,3.04,2.97,2,2,2,2,2,2,2,2,2,2,2,3,2,2,2,2,2,2,2,2,2,2,2,2,2,2,3,2,2,2,2,2,2,2,2,2,2
1.8.1.2,8,8,7,7.17,7.4,7,7.25,7,7.43,7,7.53,7,7.03,7,7,7,6.82,7.16,7,7,7,7,7,7.98,7.62,7,7,7,7,7,7,7,7,7,7,7,7,7.24,7,7.23,7.13,7,7,7.09,7,7,7,7,7.93,7,7,7,7,7,7,7,6,7,5,7,7,8,7,7,7
1.8.1.4,8,7,7,7.13,6.23,7,7,7,7,6,6.59,6,7,6.97,6,6,6.82,6.99,7,6,6,7,6.91,6,6,6.12,6,7,6,6,6.76,7,6,6.06,6,6,6.41,6.01,6.89,7,6.14,6.98,7,6.68,6,6.14,6.69,7,6.03,6,6,6.48,6.97,6,6.03,7,6,7,7,6,7,7,7,6,5.99
1.8.1.7,2,3,2,2,3,2,3,2,3,2,3,2,2,2,2,2,2,2,2,2,2,3,2,2,2,2,2,2,2,2,2.99,2,2,2,2.44,2,2,2.03,2,2,2,3,2,2.04,2,2,2,2,2,2,2,2,2,2,2,3,2,2,5,2,2,2,2,2,2
1.8.1.9,7,4,4,4.17,5,4,4.53,4,5,6,4.49,5.99,5.05,4,6,5.99,5.91,6,4,5.9,5,6,4,5.97,5,5,6,6,5.92,5.15,6,4,5,5,5.7,6,6,5.2,6,4,4.14,6,4,6,6,5,5,4,5,5,4,5,4,5,5,4,3,5,4.94,5,4,3,6,5,4
1.9.3.1,10,10,10,10,10,10,10,10,10,10,10,10,10,10,10,10,10,10,10,10,10,10,10,10,10,10,10,10,10,10,10,10,10,10,10,10,10,10,10,9.99,10,10,10,10,10,10,10,10,10,10,10,10,10,10,10,10,10,10,10,10,9,10,10,10,10
2.10.1.1,6,8,6.87,6.17,7,7,7.22,5.85,7.06,7,7.53,7,7,6.36,7,7,6.82,7,6,7,6.81,6.95,5.9,7,7,7,6.86,7,7,6.29,7,6,7,7,6.22,7,7,7,6.99,7,6.62,7,5.99,7,7,6.98,7,7,7,7,6,6,6,7,6,7,5,7,5,6,5,8,7,6,6
2.1.1.13,5,7,6,6.17,6,6,6.98,6,7,6,6.93,6,7,6,6,6.09,6,7,7,6,6,6,6.71,7,6.84,6.99,6,6,6,6,6.02,6,6,6,6,7,6,6.97,6,6,6.14,6.97,6,7,6,6,6,6,6.88,6,6,6,6,6,6,6.01,5.02,6,5.07,7,6,7,7,5.15,6
2.1.1.132,2,4,3,3,4,3,4,2,4,3,4,4,3.12,3,3.01,3,3,3.98,2.53,3,3.04,3,2,3.99,4,4,3,3,3.16,4,3,3,3.39,3,3.4,4,3.6,3.36,3,3,3.07,3,2,3.93,3,3,3,4,3,4,2,3,3,3,3,3,2,3,2,3,3,4,3.23,3,3
2.1.1.14,8,8,8,7.17,8,7,8,7,8,7,7.67,7,7.1,7,7,7,7.82,7.04,8,7,7,7,7,7,8,7,7,7,7,7,7,8,7,7,7,7.01,7,7,7,7.7,7.14,8,7.11,7.78,7,7,8,7.23,8,7,6.97,7,7,7,7,8,7,7,8,7,7.42,7,7,6,6.03
2.1.1.163,3,5,4,4,4,4,4,3,4,4,4,4,3.52,4,3,3.39,3,4,4,3.01,3.74,3.89,4,3,4,4,3,3,3.07,3,3.94,4,3.97,3.98,3.02,4,4,4,3.5,4,3.83,3.37,4,3,3,3.6,4,4,3.08,4,3.68,4,4,3.07,4,4,3.01,4,3,4,3.28,4,4,3,3
2.1.1.17,4.89,3,4,4.93,3,4,3,4,3,4,3,4,4,4,3,4,3.59,4,5,3.23,3,4,5.94,4,4,4,3.8,3.95,4,4,4,5,4,3.4,3,3,3.98,4,3.1,4,4,4,5,4,3.07,4,5,4,4,4,5,5,5,4,4,5,5,4,4,3,5,4.3,4,4,4
2.1.1.197,2,3,2,2.17,3,2.01,3,2,3,2,3,2,2.73,3,3,2,2,3,2,2,2.19,2,2.92,2.73,3,3,2,2,3,2,3,2,2.97,2,2,3,2.44,3,2,2,2.06,2,2,3,2.44,2.01,2.7,2,2,3,2,2,2,3,2,3,2,2.71,2,2,3,3,3,2,2
2.1.1.250,2,3,2,2.51,2.62,2,3,2,3,2.99,3,3,3,2.88,3,2,2.82,3,2,2.99,3,2,2.53,3,2.17,3,2.9,3,3,2.84,2.19,2.03,3,3,2,3,3,3,3,2,2.03,2,2,3,3,2,2,2,2,3,2,2,2,2,2,2,2,2,2,3,2,2,3,2,3
2.1.1.37,8,9,9,9,9,9,9,9,9,8,8.99,8,8.99,9,8,8.33,8.71,9,9,8,8,9,9,8.02,8,8.91,8,8,8,8,8.04,9,8,8,8,8.85,8,8.44,8,8,8.14,9,9,9,8,8,9,9,9,8,9,9,9,9,9,9,9,9,9,8,8,9,9,9,8
2.1.1.45,7,3,4,3.17,3,3.02,3,3,3,3,3,3,3,3,3,3,3.72,3,4,3,3,3,4,3,3,3,3.01,3,3,3,3,4,3,3,3,3,3,3,3,4,3,3,3,3,3,3,3.99,3,3,3,5,3,3,3,3,4,3,3,4,4,3,3.52,4,4,2.88
2.1.2.1,7,7,6,7,7,7,7.19,7,7,8,7,8,8,7,7,8,7.82,8,6,8,7,8,5.9,8,8,8,7.86,8,8,8,8,7,8,7,8,8,8,8,7.87,6.8,7.14,8,6,8,8,7,8,7,8,8,7,7,7,8,7.22,6,6,8,6,7.99,7,7,8,8,6
2.1.2.10,8,9,8.59,8.17,9,8,9,8,9,8,8.99,9,9,8,8,9,8.82,9,8,8.1,8,8.62,8,9,9,9,8.86,9,8,8.3,9,8.88,8,8.05,8,9,9,8.44,8.66,8.01,8.14,9,8,9,9,8.06,9,9,9,9,8,8.39,8,9,8.28,8,8,9,7,8,8,9,9,8.29,8
2.1.2.11,5,4.07,4,4.17,4,4,4.36,4.72,4,4,4,5,5,4,4.48,4.79,4,4.73,4,5,4.09,4.25,4.92,4,5,5,4,4,4,4.29,4.34,4.43,4.67,4,4,4,4.87,4.92,4,4,4.14,4,4,5,5,4,5,5,5,5,4,4.07,4,5,5,4,4,4.99,2.26,5,3.03,6,4,6,4
2.1.2.9,8,8,8,8,8,8,8,8,8,8,7.99,8,8,8,7,8,7.82,8,8,8,8,8,8,8,8,8,7.86,8,8,8,8,8,8,8,8,8,8,8,8,8,8,8,8,8,8,8,8,8,8,8,8,8,8,8,8,8,8,8.01,8,8,7.01,9,8,8,8
2.1.3.2,6,4,4,5.02,4,5,4,5,4,4,4,4,4,5,4,4,4,4,6,4,3.44,4,5,4,4,4,4,4,4,4,4,5,4,4,4,4,4,4,4,5,4.14,4,5,4,4,4,4,4,4,4,5,4,5,4,4,5,4,4.08,4,3,4,5,6,3,3
2.1.3.3,6,5,5,5,4.21,5,4.06,4,4,4,4.5,4.82,4.03,4,4,4.01,4.82,4,5,4,4,5,4.28,4,4,4,4,4,4,4,4,5,4,4,4,4.01,4,4.46,4,4,4.14,5,4,4.2,4,4,4.08,4,4,4,4,4.01,4,4,4,4.04,4,4,6,4,4,4.81,4,4.95,5
2.2.1.1,5,5.05,5,4.81,5.92,5,5.18,4,5.08,5,5.3,5,5,5,5,5,5,5,5,5,5,5,5,5,5,5,5,5,5,5,5,4.18,5,5,4.92,5,5,5,5,5,4.92,5,5,5,5,5,5,5,5,5,5,5,5,5,5,5,4,5,5,3,4,6,5,4,5
2.2.1.2,5,4.86,5,5.13,5,5,4.23,5,5,5,4.08,5,5,5,5,5,4.82,5,5,5,5,5,5.91,5,5,5,5,5,5,5,5,5.02,4.84,5,4.99,5,5,5,5,5,4.36,5,5,5,5,4.76,5,5,5,5,5,5,5,5,5,5,4.34,5,4,4,5,5,5,6,5
2.2.1.6,9,7,8,7.88,7,8,7.01,7.95,7,7,7.01,7.74,7.51,7,7,7.49,7.82,8,8,7,7,8,7,8,8,8,7.8,7.77,7,7,8,8,7,7.06,7,8,8,7.44,7.53,7.95,7.14,8,8,8,7,7,8,7.99,7,7,8,7,7,8,7,8,7,7.9,8,7.96,7,7,8,7,7
2.2.1.7,7,8,8,8.03,8,8,8.01,8,8,8,8,8,8.1,8,8,8,8.82,8.14,8,8,8,8,8,8,8,8,8,8,8,8,8,8.81,8,8,8,8.59,8,8.02,8,8,8,8,8,8,8.05,8,8,8,8,8,8,8,8,8,8,8,8,8,8,8,8,8,8,8,7.95
2.2.1.9,6,6.22,5.76,6.17,6,6,6.02,5.87,6,6,6.52,6,6.26,5,6,6,6,6,5,6,6,6,5.9,7,6,6,6,6,6,6,6,6,6,6,6,6.54,6,6.01,6,6,6.14,6,5,6.14,6,6,6,6,6,6,6,6,6,6,6,6,5,6,4,6,5,6,5,4.23,5
2.3.1.1,2,3,2.05,2,3,2,3,2,3,2,3,2.41,3,2,2.9,2,2,3,2.46,2.24,2,2,2,3,3,2,2,2,3,2,2.16,3,2.01,3,2,3,3,2.46,2.03,2,2,2,2,3,2.99,2.22,2.06,2,3,2.99,2,2,2,2,2,2,2,2,2,3,2.54,3,4,2,2
2.3.1.109,2,3,2,2,3,2,3,2,3,2,3,3,2.09,2,3,2,2,2.25,2,2,2,2,2,2,2.02,2.07,2,2,2,2,2,2,2,2.13,2,2,2.1,2,2,2,2.14,2,2,2,2,2,2,3,2,2,2,2,2,2,2,2,2,2,2,2,2,2,2,2,2
2.3.1.117,2,3,2,2.17,3,2.94,3,3,3,2,3,3,3,2,2.98,2.57,2,3,3,2.01,2.27,2,2,2.13,2.45,3,2,2,3,2.02,2,2,2,3,2,3,2.04,3,3,3,2.14,2,2,3,2,2,2.2,2.07,2,3,5,2,2,2,2,2,2,2,2,2,2,3,3,3,2
2.3.1.12,8,9,10,10,9,10,9,10,9,9,9,9,9,10,9,9,8.9,9,10,9,9,9,10,9,9,9,9,9,9,9,9,10,9,9,9,9,9,9,9,9,8.14,9,10,9,9,9,9,9,9,9,10,9,9,9,9,10,9,9,9,9,10,9,9,10,9
2.3.1.129,2,3.85,3,3,3.03,3,3,3,4,4,3.98,4,4,3,4,3.4,3,4,2.88,3.99,4,4,3,4,3,3.97,3,3.44,4,3.63,4,3,4,3.8,3.79,4,4,4,3.98,3,3,3.31,2,4,4,3,3.6,3,3,4,3,3,3,4,3,3,2,3,2,3,3,3,3,3,3
2.3.1.15,3,5,5,4.17,5,4.99,5,4,5,3.95,5,4,4,5,4,4,3.82,5,5,4.11,4,4,5.03,4,4,5,4,4,4,4,4.01,5,4,4,4,4,4,4.01,4,4,4.14,4,5,4.94,4,4,4.02,5,5,4.01,5,5,5,4.37,5,5,4,4,4,5,4,5,4,4.07,4
2.3.1.180,7,8,7,7.17,8,7,8,7,8,7,7.99,8,8,7,7,7.01,7.22,8,7,7,7,8,7,8,8,7.98,7.56,7,7,7,8,7.01,7,7,7,8,7.86,7.44,7.52,7.12,7.14,8,7,8,8,7.67,8,7.97,8,7.57,7,7.22,7,7.98,7.08,7,7,8,7,6.79,7,8,7,7,8
2.3.1.181,3,4,3.98,3.17,4,4,4,3,4,3,4,3,3,3.92,3,3,3,3.01,4,3,3,3,4,3,3,3.07,3,3,3,3,3,3.32,3,3.85,3,3,3,3.19,3,3,3.27,3,3.98,3.09,3,3,3.06,3.29,3.98,3,3.76,3,3,3.05,3,3.55,3,3,3,3,3,4,4,4.07,3
2.3.1.20,4.04,7,6,6,7,6,7,5.79,7,7,7,7,7,6,7,7,6.82,7,5,7,7,7,4.99,7,7,7,6.86,7,7,7,7,6,7,7,6.71,7,7,7,7,7,6.14,7,5,7,7,6.02,6,6,6.04,7,5,6,6,7,6,6,5,6,5,7,5.01,6,7,5.01,6
2.3.1.247,3,4,2,3,4,3,4,2,4,3,4,3,3,2.91,3,3,3,3,3,3,3,3,3,3,3,3.32,3,3,3,3,3,3,3,3,3,3.16,3,3.05,3,3,3,3,2.58,3,3,3,3,3,3,3,2.79,2.99,3,3,3,3,2,3,2,3,2,4,2,3,3
2.3.1.30,4.99,5,5,5,5,5,5,4,4.99,4.04,5,5,5,5,5,5,4.82,5,5.12,5,4,5,5,5,5,5,4,5,5,4.47,5,5,4,4,5,5,5,5,5,5,4.14,5,5,5,5,4,5,5,5,5,5,5,5,4.98,5,5,5,4.65,5,4,5,5,6,4,4
2.3.1.39,6,6,6,6.16,5,6,6,6,5.98,5,6,6,6,6,5,5,5.54,6,6,5,5.34,6,6,5.93,5.6,5.37,5,5,5.03,5.01,5.7,6,6,5.97,5.36,5.93,5.87,5.94,5,5.92,5.14,5.98,6,5.67,5,5,6,5.99,6,6,6,5.93,6,5.95,5,6,6,5,6,5,5,7,6,5,6
2.3.1.47,3,4.96,3,3.17,4,4,4.94,3,4,4,4.03,4,4,3,4,4,4,4.78,3.99,4,4,4,3,4,4,4,4,4,4,4,4,4,4,4,4,4,4,4.01,4,4,4.07,4,3,4,4,4,4,4,4,4,3,3.93,3,4,3.87,3.01,3,4,2,4,2,4,4,4,4
2.3.1.5,4,3,3,3,3,3,3,3,3,3,3,3,3,3,3,3,3,3,3,3,3,3,3.99,3,3,3,3,3,3,3,3,3,3,3,2.34,3,3,3,3,3,3,3,3.94,3,3,3,3,3,3,3,4,3,3,3,3,3,3,3,2,3,3,3,3,2,3
2.3.1.54,6,2,4,4,2,4,2,4,2,3,2,3,3,3.02,3,3,3.81,3,4.22,3,3,4,4,3,3,3,3,3,3,3,3,5,3,3,4,2.43,3,3,3,3,3.14,4,4,3,3,3,3,3,4,3,3,3,3,3,3.37,4,5,3,8,3,4,4,4,4,3
2.3.1.61,4.09,5,3.75,3.17,5,3,5.01,3,5,4,5,4,5,3,5,4,4,5,3,4,4,4,3,4.06,5,4.08,4,4,4,4,4,4,5,5,4,5,4,5,4,4.11,4.07,4,2.89,4,4,4,4,4,4.05,4.97,4,3,3,4,3.51,3,2.53,4,2.97,5,3,4.01,4,3,4
2.3.1.8,7,7,6,6.17,7,7,7,6,6.56,6,6.53,6,6.99,6,6,6.05,5.82,6.63,6.11,6,6,6.24,7,6,6.89,6,5.88,6,6,6,6,6.98,6,6,6,6,6,6,6,6,6.14,6.73,7,6,6,6,7,6.33,6,6,6,6.44,6,6,6.01,7,6,6.84,7,7,6,8,6,5.69,6
2.3.3.10,3,2,2,2,2,2,2,2,2,2,2,2,2,2,2,2,2,2,2,2,2,2,2,2,2,2,2,2,2,2,2,2,2,2,2,2,2,2,2,2,2,2,2,2,2,2,2,2,2,2,2,2,2,2,2,2,2,2,3,2,2,2,2,2,2
2.3.3.13,6,6,6,5.95,6,5.5,6,5,6,6,5.99,5.76,5.76,5,5.01,6,5.66,6,6,5,5,5.87,5.4,5.12,5,5.07,5,6,5,5,5.61,6,5,5,5,6,5.23,5.79,5,6,5.14,6,6,6,5,5,6,5.87,5,5,5,5,5,5.57,5,6,5,5,5,5.62,5,5,6,6,6
2.3.3.9,3,5.13,5,4.17,5,4.69,5,4,5,4,5,5,4.98,4.11,5,4,4,5,5,5,5,4,4.74,5,5,5,4,4,4,4,5,5,4,4.01,4,5,5,5,4.22,4,4.14,5,4,5,4.01,4.85,4,5,5,5,3.99,4,4,4.14,4.05,4.24,4,5,3,5,5,5,6,4.68,4
2.4.1.1,6,7,7,7.17,6.96,7,6.72,7,7,6,6,6.42,7,7,6,6.88,6,6.09,8,6,6,7,7.97,6,7,7,6,6,6,6,6,7,6,6.17,6,6,6.03,6.44,6,7,6.14,7,7,7,6,6,7,7,7,7,7,7,7,6,7,7,7,7,7,6,6,7,8,7,7
2.4.1.117,3,3,2,2,3,2,3,2,3,4,3,4,4,2,4,4,3.9,4,2,4,3,4,2,4,3,3,4,4,4,4,4,2,3.01,3.09,4,4,4,3.6,4,2,2.14,4,2,4,4.3,3,3,2,3,4,2,3,2,4,3,2,2,3,2,4,3,2,3,3,2
2.4.1.12,3.6,3,4,5,3,4.52,3,4.66,3,4,3,4,4,4.44,4,4,3.18,4,4.06,4,3.02,4,5.95,3.01,4,4,3,4,4,4,4,5,4,4,4,3.15,4,4,4,4,4.08,4,5,4,4,3.77,4,4,4,4,5.39,5,5,4,4,4.61,4,4,4,5,4,6,3.86,3,4
2.4.1.129,10,10,10,10,10,10,10,10,10,10,10,10,10,10,10,10,10,10,10,10,10,10,10,10,10,10,10,10,10,10,10,10,10,10,10,10,10,10,10,10,10,10,10,10,10,10,10,10,10,10,10,10,10,10,10,10,10,10,10,10,10,10,10,10,10
2.4.1.15,3,3.5,3.64,4.03,4,3.77,3.96,3.14,3.93,4,4,4,4,4,4,4,4,4,4,4,4,4,3,4,4,4,4,4,4,4,4,4,4,4,3.36,4,4,4,4,5,3.41,4,3,4,4,3.27,4,4,4,4,3,4,4,3.02,3.72,4,3,4,2,4,3,4,4,4,4
2.4.1.18,4.81,6.82,6.88,7.17,6,7,6.68,7,6.2,7,6.46,7,7,7,6,6.99,6.82,7,7,6.09,6,7,7,7,7,7,7,7,6,6.22,7,7,6.01,6,6.02,7,7,6.44,6.99,7,6.14,7,7,7,6.97,6,7,6.01,7,7,7,7,7,7,6.07,7,7,7,7,7,6.01,8,7,7,7
2.4.1.182,4,5,4,5.17,5,5,5,5,5,5,5,5,5,5,5,5,4.76,5,6,5,5,5,6,5,5,5,5,5,5,5,5,6,5,5,5,5,5,5,5,5,4.61,5,5,5,5,5,5,5,5,5,5,6,5.96,5,5,5,5,5,4,5,5,5,5,6.48,6
2.4.1.21,4,5,6,6,5,6,5,6,5,4,5,4.97,5,5,4,4,4.53,5,5.99,4,4,5,6,4.64,4.98,5,4.88,4.32,4,5,5,6,4,4.6,4,5,4,4.98,4.52,5,4.57,5,6,5,4.25,4.8,5,5,5,5,6,6,6,5,5,6,5,5,4,5,5,5.05,5.15,5,5
2.4.1.227,8,8,8,8,8,8,8,8,8,7,7.99,7,8,8,7,7.1,6.97,7.86,8,7,7,7.1,8,7,7.76,7.15,7,7,7,7,7.01,8,7,7.05,7,7.95,7,7.35,7,8,7.14,8,8,7,7,7.51,8,8,8,8,7,8,8,7,8,8,7,8,7.01,7,7,8,8,8,7
2.4.1.25,5.6,8,7,7.17,7.37,7,8,7,7.81,7,7.72,8,8,7,7,8,7.82,8,7,7,7,8,7,8,8,8,7.86,8,7.44,7.24,8,7,7.31,7.41,7,8,8,7.44,7.87,7,7.14,8,7,8,7.99,7.13,8,7,8,8,7,7,7,8,7,7,6,7.99,6,7,7,7,8,7.16,7
2.4.2.1,3,3,4,4.04,3,4,3,4,3,4,3,4,4,4,4,4,4,4,4.95,4,4,4,3.97,4,4,4,3.05,3,4,4,4,4,4,4,3,4,4,4,3,4,4,4,4,3.68,4,4,4,4,4,4,4,4,4,4,4,5,4,4,4,5,3.01,5,3.45,3,4
2.4.2.10,4,4,4,4,4,4,4.02,3,4,4,4,4,4,4,4,4,3.82,4.02,4,4,4,4,4,4,4,4,4,4,4,4,4,4,4,4,4,4,4,4,4,4,4,4,4,4,4,4,4,4,4,4,3,4,4,4,4,4,3.82,4,4,4,3.32,4,4,4,4
2.4.2.14,6,4,5,5,4,5,4,4,4,4,4,4,4,4,4,4,4,4,5,4,4,4,4.95,4,4,4,4,4,3.94,4,4,5,4,4,4,4,4,4,4,5,4.14,4,4.82,4,4,4,4.01,4,4,4,4,4,4,4,4,5,4,4,5,4,3.26,5,4,5,4.11
2.4.2.17,3,3,3.88,4,3,4,3,3.64,3,3,3,3,3,4,3,3,3.62,3.01,3.97,3,3,3,4,4,3,3.07,3.72,3,3.55,3,3.01,4,3,3,3,4,3,3,3,4,3.05,3,3,3,3.15,4,3.31,3,3,4,4,4,3.95,3.13,3,4,3.92,3.03,3,4,3,4,4,4.96,3
2.4.2.18,5,6,5,5.01,5.02,5,5.21,4,5.79,4,5.53,5,5,5,5,5,4.82,5,5,5,5,5,5.8,5,5,5,5,5,5,5,5,5,5,5,5,5,5,5,5,5,4.14,5,5,5,5,4.07,5,5,5,5,5,5,5,5,5,5,4,5,5,5.01,4,6,5.44,5,5
2.4.2.21,3,6,5,4.99,6,5,6,4.02,6,6,6,6,6,5,6,6,5.82,6,4,6,6,6,4,6,6,6,5.04,6,6,5.98,6,5,5,6,5.78,6,6,6,6,5.01,5.14,6,5,6,6,5,5.86,5,5.99,6,5,5,4,5.11,5,4.97,4,5,5,6,5,5,5.55,5,6
2.4.2.4,4.71,5,4,4,4.94,4,4.05,3,4.09,3.76,4.05,4,4,4,4,4,3.82,4,4,4,4,4,3.91,4,4,4,4,4,4,4,4,4.01,4,4,4,4,4,4,4,4,3.14,4,4,4,4,4,4,4,4,4,4,4,4,4,4,4,3,3.99,4,4,4,5,4,4.95,4
2.4.2.9,6,6,3,4,7,4,7,3.12,7,8,7,8,8,3.88,8,8,7.96,8,4,7.15,8,8,3,8,7.9,8,8,8,8,7.3,8,4.03,7,7,8,8,8,7.44,8,5,6.14,8,4,8,8,7,6.94,6,7,7,4,6,5,8,6.89,4,4,7,6,7.52,7,6,7,6,6
2.4.99.12,2.63,4,3,3.17,4,3,4,3,3.85,2,3.22,3,3,3.01,3,3,2,3,4,3,3,3,3.92,3,3,3,3,3,3,3,3,4,3,3,2.82,3,3,3,3,3,3,3,4,3,3,3,3,3,3,3,3,3,3,3,3,4,3,3,2,3,3,3,3,3.2,2
2.4.99.16,2,4,3,2.98,4,3,3.99,2,4,3,4,3,3,3,3,3,3,3,2,3,3,3,2.9,3,3,3,3,3,3,3,3,3,3,3,3,3,3,3,3,4,3,3,2,3,3,3,3,3,3,3,2,3,2.43,3,3,2.33,2,2.83,2,2,3,3,2,3,2
2.5.1.15,4,6,5,5.06,5.92,5,5.3,4,5.9,5,5.68,5,5,4.92,5,5,5,5,4.97,5,5,5,4.9,5,5,5,5,5,5,5,5,4.45,5,5,5,5,5,5,5,5.02,5,5,4,5,5,4.99,4.89,5,5,5,4,5,4,5,5,5,4,5,5,4,4,5,5,3.45,4.21
2.5.1.16,3,5,4.28,5.17,5,5,5.03,5,5.03,6,5,6,6,5,6,6,5.82,6,5,6,6,6,6,6,6,6,5.97,6,6,6,6,5.01,6,6,6,6,6,6,6,5,5.14,6,5.93,6,7,5.96,5.99,5,6,6,6,6,6,6,5.54,5,5,6,3,5,6,6.82,6,7,5.99
2.5.1.17,3,4,4,4.15,4,4,4,4,4,4,4,4,4,4,4,4,3.82,4,4,4,4,4,4.81,4,4,4,3.61,4,3,4,4,4,3.35,4,3.76,4,4,4,4,4,3.14,3.41,4,4,3.94,3.02,4,4,4,4,4,4,4,4,4,4,3,4,3,4.01,4,3,4,5,4
2.5.1.19,7,7,7,7.17,7,7,7,7,7,7,7,7,7,7,6,7,6.82,7,7,6.64,7,7,7.05,7,7,7,6.86,7,7,7,7,7.01,7,7,6.81,7,7,7,7,7,7,7,7.51,7,7,7,7,7,7,7,7,7,7,7,7,7.99,7,7,7,7,7,8,7,7,6
2.5.1.3,6,7,6,6.17,6.02,6,6.16,6,6,6,6.33,6,6.22,6,6,6,6.8,6.01,6,6,6,6,6,6,6,6,5.98,6,6,6,6,6.01,6,6,5.97,6.01,6,6,6,6.72,6.14,6,6,6,6,6,6,6,6,6,6,6,6,6,6,6,5.96,6,6,5,5.01,7,6.61,6,6
2.5.1.47,5,5,4.18,4.17,5,5,5,4,5,4,5,4,4,4,4,4,4,4.02,5,4,4,4,4,4,4,4,4,4,4,4,4,4.04,4,4,4,4,4,4,4,4,4,4,4,4,4,4,4,4.77,4,4,4,4,4,4,4,5,4,4,4.02,4,4,5,4,3.99,4
2.5.1.54,3.01,4,3,3.17,4,3.96,4,3,4,3,4,3.84,3.02,3.01,4,3.31,3.83,4,3,3,3.42,3.01,3,3,3.06,4,3,3.02,3,3.03,4,3.87,3,3.03,3,3.64,3,3.63,3,4,4,3,3,4,3,3,4,4,3,3.15,2.88,3,3,3,3,3.57,3,3,3,4,4,3.42,3,4,2
2.5.1.6,4,4,4,4.11,4,4,4,4,4,4,4,3.97,4,4,4,4,4,4,4.99,4,4,4,4,3.02,3.39,4,4,4,4,3.93,4,4.33,3.88,4,3.98,3.87,4,4,4,4,4,4,4,4,3.74,4,4,4,4,4,3.37,4,3.4,4,4,5,3.84,4,4,4,4,4,5,4.2,3.72
2.5.1.61,10,10,10,10,10,10,10,10,10,10,10,10,10,10,10,10,10,10,10,10,10,10,8,10,10,10,10,10,10,10,10,10,10,10,10,10,10,10,10,10,10,10,10,10,10,10,10,10,10,10,10,10,10,10,10,10,10,10,10,10,10,10,10,10,10
2.5.1.7,7,5,6,6.09,5,6,5,6,5,5,5,5,5,5,5,5,5.82,6,6,5,5,6,6,5,5.18,5.02,5.85,5.47,5,5,5,6,5,5,5.77,5,5,5,5,6,5.14,6,6,6,5,5,5.88,5.88,5,5,6,5.25,5.03,5.12,5,6,6,5.59,8,6,5,6,6,6,5
2.5.1.74,6,5,6,6.17,5,6.15,5.15,6.62,5.2,6,5.17,6,6,6,6,6,5.92,6,7,6,6,6,7,6,6,6,6,6,6,6,6,7,6,6,6,6,6,6,6,6,6.04,6,7,6,6,6,6,6,6,6,7,7,7,6,6,7,6,7,4,6,5,6,6,6,5
2.5.1.75,6,6,6,6,6,6,6,5.77,6,5,6,5.24,6,5,5,5,5.82,6,6,6,5,6,6.92,5,5.7,5.98,5,5.42,5,5.06,6,6,5,5.02,5.84,5.83,6,5.05,5.51,6,5.14,6,6,6,5,5.82,6,6,6,6,6,6,6,6,6,6,6.91,6,6,5.35,6.41,5,5,6,4.27
2.5.1.78,3,3,2.3,3,4,3,3,2,3,3,3,3.34,2.94,2,2,3,2,2.99,2,2,3,4,3,2,2,2.09,2,2.95,2,2,4,3,2,2,2,2,4,2,2,3,2.14,2,2.38,4,2,2,2,2.1,2,2,2,2,2,2,2,3,2,2,3,2,2.86,2,2,2.04,3
2.6.1.1,2.16,3,3,3,3,3,3.14,3,3,2,3,3,3,3,3,3,2.82,3,3,3,3,3,3.7,3,3,3,2.31,2.98,3,3,3,3,3,3,2.89,3,3,3.25,3,3,3,3,3,3,3,3,3,3,3,3,3,3,3,3,3,2.99,3.71,3,2,3,2,3,3,3,2
2.6.1.16,8,8.02,8,8.17,8,8,8.37,8,8.61,8,8.53,8.99,9,8,8,8.09,8.82,9,8,8,8,8.52,8,9,8.64,8.06,8.02,8.02,8,8,9,8,8,8,8,9,9,8.44,8.52,8,8,9,8,9,8.06,8,9,8,8,8,8,8,8,9,8,9,8,9,8,8,8,8.52,9,8,8
2.6.1.37,5,6,5,5.17,5.54,5,6,5,5.96,4,5.06,5,5,5,5,5,4,5,5,5,4.47,5,5,5,5,5,4,4,4.57,4.51,5,5,4.05,4.79,4,5,5,5,4,5,5.01,5,5,5,5,4.86,5,5,5,5,5,4.45,4.99,5,5,5,4.86,5,5,5,4,5,5,5,4
2.6.1.42,5,4,4,5,5,4.06,4.97,4,5,6,5,5,5.43,4.9,5.39,5,5.82,5.81,5,5,5.77,6,4.72,6,5,5,6,6,6,5,6,5,5,5,5.98,6,5.99,5.41,6,5,5,5.96,5,5.3,6,5,5,4,5,5,4,5,5,6,5,5,4,5,5,5,5,6,6,6,4
2.6.1.52,3,4,4,4,4,5,4,4,4,5,4,5,5,4,4,4.07,4.83,5,5,5,4,5,4.83,4.58,5,5,4,4.96,5,4.01,5,4,4,4,4.79,5,5,4.53,4,4,4.14,5,4.86,5,5,5,5,4.2,5,5,5,5,5,5,5,4.99,6,5.96,5,5,3,5,4,5,4
2.6.1.62,5,6,5,5,5.3,5,5.48,4,5.94,5,5.48,5,5,4.43,5,5,5,5,4,5,5,5,4.94,5,5,5,5,5,5,5,5,5,5,5,5,5,5,5,5,5,5,5,4,5,5,5,5,5,5,5,4.84,5,4.97,5,5,4,4,4.95,4,5,4,5,5,6.02,5
2.6.1.76,2,4,3,2,4,2,4,2,4,2,4,3,3,2,3,2,2,3,2,3,3,2.09,2,3,3,3,2,2,2.82,2.94,3,2,2.93,2.99,2.99,3,3,3,2,2,2.12,2.92,3,2.04,2.99,2,2,3,2,3,2,2,2,2,2,2,2,2,3,3,2,3,3,3,2
2.6.1.85,4,4,3,3.17,4,3,4,3,4,3.66,4,4,4,3,3.97,3,3.5,4,3,4,4,4,3,3.69,4,4,4,3.4,3.96,4,4,4,3.95,3.75,3.96,4,4,3.9,4,4,3.14,4,3,4,3.72,4,3.58,3.78,3.97,4,2.85,3,3,3.68,3,4,3,3.34,4,3,4,4,4.83,3,4
2.6.1.9,7,7,7,7,7,7,7,6,7,7,7,7,7,7,6.13,7,6.82,7,7,6.03,7,7,7,7,7,7,6.86,7,6.99,6.43,7,7,6.86,7,6,7,7,7,7,7,6.14,7,7,7,7,7,7,7,7,7,7,7,7,7,7,7,6,7,7,6,7,7,7,7.01,7
2.7.1.107,6,5,5,5.17,5,6,5,6,5,5,5,5,5,6,5,5,5,5.9,6,5,5,6,7,5,5,5,5,5.29,5,5,6,6,5,5,5.05,5,5.99,5,5,5,5.01,6,6,5.85,5.14,5.01,6,6,6,6,6.94,6,6,6,6,6,6,6,4.88,6,5,6,6,6,5
2.7.1.11,4.99,4,5,5.17,4,5,4,4.99,4,5,4,5,5,5,4.03,5,5,5,6,4.01,5,5,5.87,5,5,5,5,5,4.95,5,5,5,4.02,4.91,4.83,5,5,5,5,6,5,5,5.1,5,4,5,5,5,5,5,5,5,5,5,5,6,5,5,6,4,4,5,4,5.04,4
2.7.11.1,7,8,8,8,8,8,8,7,8,7,8,8,8,7.76,7,7.92,7.82,8,8,7.12,7,7.95,7.87,8,8,8,7.86,8,7,7.27,8,8,7.02,8,7,8,8,8,7.66,8,7.14,8,7.02,8,7.91,7.98,8,8,8,8,7,7.16,7,8,7.86,8,7,8,7,7,7,8,8,6.49,8
2.7.1.130,7,7,7,7,7,7,7.13,7,7,8,7,8,8,7,8,8,7.82,8,7,7.14,7.5,8,6.91,8,8,8,7.87,8,8,7.27,8,7,7.56,7.15,8,8,8,7.9,8,7,7.14,8,6,8,8,7.56,8,7,7.98,8,7.02,7.89,7,8,7,7,6,8,4,7,6,8,7,8,7
2.7.1.148,6.99,6.04,7,6.17,6,6,6.17,6,6,6,6,6,6,6,6,6,6,6,7,6,6,6,6.98,6,6,6.73,6,6,6,6,6,7,6,6,6,6,6,6,6,6.76,6.14,6,6,6.06,6,6,7,6.99,6.05,6,6,6.22,6,6,6,6.47,6,6,5,6,5,6,7,6,6.01
2.7.1.15,7,7,6,6.15,7,6.01,7,5.49,7,6,7,6,6.78,6,6,6,6.07,6.53,6,6,6,6,5.93,6,6,7,6.86,6,6,6,6,6,6,6,6,6.06,6,6.32,6,7,6.14,6,5.4,6.19,6,6,6.01,6,6.99,6,6,6,6,6,6,6,5,6,6,6,5.09,7,6.13,6.1,5.87
2.7.1.197,4,2,2,2.17,2,3,2,2,2,3,2,2,2,2,2,2,2,2,3,2,2,2,2.9,2,2,2,2,2.09,2,2,2,3,2,2,2,2,2,2,2,3,2.03,2,3,2,2,2,2,2,2,2,2,2,2,2,2,2,2,2,2,2,2,3,3,2.79,2
2.7.1.2,6,5.09,5,5.17,5,5,5,4.01,5.01,5,5,5,5,5,5,5,5,5,5,5,5,5,5,5,5,5.41,5,5,5,5,5,5,5,5,5,5,5,5,5,5,5.12,5,5,5,5,5,5,5,5,5,5,5,5,5,5,5,4,5,4.99,5,5,6,4.99,4.03,5
2.7.1.201,6,2,2,2,2,2.51,2,2,2,2,2,2,2,2,2,2,2,2,2.04,2,2,2,2,2,2,2,2,2,2,2,2,2,2,2,2,2,2,2,2,2,2,2,3,2,2,2,2,2,2,2,2,2,2,2,2,2,2,2,3.76,2,2,2,2,2,2
2.7.1.207,3.83,2,2,2,2,2,2,2,2,2,2,2,2,2,2,2,2,2,2,2,2,2,2,2,2,2,2,2,2,2,2,2,2,2,2,2,2,2,2,2,2,2,2,2,2,2,2,2,2,2,2,2,2,2,2,2,2,2,4,2,2,2,2,2,2
2.7.1.21,4,3,3,3.01,4,3,4,4.46,4,5,4,5,5,3,5,5,5.82,5,3,5,4,5,3.04,5,4,5,5,5,5,5,5,3.01,5,4.93,5,5,5,5,5,4,3.09,5,3,5,6,4,3.04,3,4,5.02,3,4,3.97,4,3,3,3,4,4,4,4.02,3,6,4,5.13
2.7.1.23,6,6,7,7,6,7,6,6.27,6,6,6,6,6.07,6.3,6,6,6.42,6.99,7,6,6,7,7,6,6,6,6,6,6,6,6.01,7,6,6,6,6,6.16,6,6,6,6.14,6.99,6.96,6.17,6,6,7,7,6.99,6,7,7,7,7,6.8,7,7,7,6,6,5,7,7,7,6.99
2.7.1.24,6.2,6,6,6.25,6,6,6.01,6,6,6,6,6,6,6,6,6,6,6,6,6,6,6,7,6,6.17,6.01,6,6,5.97,6,6,6.91,6,6,6,6,6,6,6,7,6.14,7,7,6,6,6,7,6.01,7,6,6,7,6,6,7,7,7,7,7.53,6,5.1,6.99,7,6,6.83
2.7.1.25,3,2.27,2,2,2,2,2.21,3,2,2,2,2,2,2,2,2,2,2.26,2,2,2,2,2.88,2,2,2,2,2,2,2,2,3,2,2,2,2,2,2,2,2.97,2.04,2,2,2,2,2,2.01,2,2,2,2,2,2,2,2,2,2,2,2,3,3,3,3,2,2
2.7.1.30,9,9,9,9,9,9,9,9,9,9,9.99,9,9,9,9,9,9,9,9,9,9,9,8.32,10,9,9,9,9,9,9,9,9,9,9,9,10,9,9.44,9.66,9,9,9,9,9,10,9,9,9,9,9,9,9,9,9,9,9,9,9,8,9,8,9,9,9,9
2.7.1.33,6,6,7,6.17,5.99,7,6,6,5.04,5,5.96,6,6,7,6,6,5.82,6,7,5.03,5,6,7,5.95,6,6,5.86,6,5.12,6,6,7,5,5.44,5,6,5.97,6,5.4,6,6.14,6,7,6,5.28,6,6,7,6,6,7,6.98,6,6,6,7,6,6,6,6,6,6,5,6.3,7
2.7.1.35,2,3.14,3,3.03,4,3,3.43,3,3.51,3,3.95,3,3,3,3,3,3,3,3,3,3,3,3,3,3,3,3,3,3,3,3,3,3,3,3,3,3,3,3,3,3,3,3,3,3,3,3,3.34,3,3,3,3,3,3,2.99,2.98,3,3,3,3,3,4,3,4,3
2.7.1.39,7,8,6,6.17,7,6.17,7.23,6,7,5.99,7.5,6.04,6.02,6,6,6,5.99,6.1,6,6.08,6,6,6,6.59,6.01,6.51,5.86,5,6,6,6,6,6,6,6,6,6,6.45,6,6,6.14,6,6,7,6.04,6,6,6.99,7,6.52,6,6,6.05,6,6,6,6,7,6,6,6,6,7,6,6
2.7.1.40,7,7,7,7.17,7,8,7,7,7,6,7,7,7,7,6.87,7,6.82,7,7,7,6,7,7,7,7,7,6,7,6,6.3,7,8,6,6.17,6,6.73,6.46,6.03,6.63,7,6.14,7,7,7,6,6.96,7,7,7,7,7,7,7,7,7,8,7,7,7,6,7,7,7,7,6
2.7.1.49,7,6,6,6.17,6,6,6,6,6,6,6,6,6,6,6,6,6,6,6,6,6,6,5.92,6,6,6,6,6,6,6,6,6,6,6,6,6,6,6,6,6,5.23,6,6,6,6,6,6,6,6,6,6,6,6,6,6,7,5,6,6,5,6,7,6,7,5.97
2.7.1.50,4,3,3,3.15,3,3,3,3,3,3,3,3.55,4,3,4,4,3.47,4,3.89,3,3.95,4,3,3.79,4,4,3,4,4,4,3.04,4,4,3,3.99,3.24,3.05,4,3,3.27,4,4,4,4,3.95,3,3.14,3,4,3,3,3.26,4,3,3,3.74,3.59,4,5,3,4,5,3,3,2
2.7.1.56,4.98,4,3,3.98,4,4,4,4,4,3,4,3,3,3.06,3,3,3.82,3.03,4,3,3,4,3.9,3,4,3.01,3.15,3,3,3,3,3,3,3,3.68,4,3,3.98,3,4,4,4,3,3,3,3,4,4,3.99,3,3,3.01,4,3,3,3.33,4,3,5,3,3,4,3.62,3,3.04
2.7.1.58,2,5,4,3,4,3,4.01,2,4,3,5,3.56,3.06,3,3,3,3,4,3,3,3,3,2.95,3,3,3.01,3,3,3,3,3.98,3,3,3,3,4,3.96,3.98,3,2.66,3,3,2,3.9,3.48,3,3,4,3.35,3,4,3,3,3,3,3,2,3,2,3,2,4,3,3.01,3
2.7.1.6,3.05,5,5,5.11,5,5,5,5,5,5,5,5,5,5,5,5,5,5,4,5,5,5,4.93,5,5,5,5,5,5,5,5,5.56,5,5,4.67,5,5,5,5,6,5.01,5,5,5,5,4,5,5,5,5,5,5,5,5,5,5,4.69,4.88,6,5,4,5,4,5,4
2.7.1.71,5,5,5,5.17,5,5,5,5,5,5,5,5,5,5,4,4.98,4.82,5,6,5,5,5,6,5,5,5,4,5,4.26,4.97,5,5,5,4.65,5,5,5,5,5,5,5.14,5,6,5,4.83,5,5,5,5,5,5,5.02,6,5,5,5,6,5,7,5,5,5,5,5,5
2.7.2.1,9,9,8,8,9,8,9,8,9,10,9,10,10,8,10,10,9.82,10,8,10,9.28,10,7,10,9,9.01,10,10,10,9.3,10,8,9,9,10,10,10,9.44,10,8,9,10,8,10,10,10,9,9,9,9,8,9,9,10,9,8,8,9,9,9,8,9,9,9,9
2.7.2.11,4,6,5,6,6,6,6,5,6,6,5.84,6,6,6,6,6,5.82,6,6,6,6,6,6,6,6,6,5.86,6,6,6,6,6,6,6,5.98,6,6,6,6,6,6.12,6,6,6,6,5.26,6.77,6,6,6,5,6,6,6.38,6,6,6,6,5,6,6,7,7,6,6
2.7.2.2,3.64,3,2,2.23,3,2,3,3,2.39,2,2.81,2.71,2,2,2,3,2,3,3,2,2,2.65,2,2,2,2.06,3,2.41,2.88,2.03,2,2,2,2.63,2,2.61,2,2,2,3,2,2,2.48,3,2,2.95,2,2,2,2,2,2,2,2,2,2.71,2,2,2,3,2,2,3,3,2
2.7.2.3,5.44,5,6,5.17,5,5,5,5,5,4.26,4.57,4,4.01,5,4.28,4,4,5,6,4,4,5,5,4,5,4.99,4,4,4,4,4,6,4,4.77,4,4,4,4.95,4,5.06,4.47,5,5,5,4,5,5,5,5,5,5,5,5,4.36,5,6,5,5,5.99,3,5,5,5,3.23,4
2.7.2.4,9,6,7.1,7.17,6,7,6,7,6,6.53,6,6.02,6.98,7,6,6.02,6.82,7,8,6,6,7,8,6,6.07,6.02,6.86,7,6,6,7,8,6,6,6,6,6,6,6,7,6.14,7,8,6.05,6,6,7,7,7,6.17,7.86,7,7,7,7,7.41,7,7,7,5,7,7,7,7,6
2.7.2.8,5.24,4,5,4.17,4,4.19,4,5,4.03,5,4,4,4.99,4.99,4,4,4.46,5,5,4,4,4.26,5,4,4,5,4.91,4.77,4,4.03,5,5,4,4,4,4.07,4.15,4.96,4.72,5,4.1,5,5,4,4.7,4,5,5,5,5,4.73,5,6,5,5,5,4.89,5,5,4.01,4.97,5,5,5.68,4.99
2.7.4.1,9,9,9,9,9,9,9,9,9,9,8.99,9,9,9,9,9,9,9,9,9,9,9,9,9,9,9,9,9,9,9,9,9,9,9,9,9,9,9,9,9,8.84,9,9,9,9,9,9,9,9,9,9,9,9,9,9,9,9,9,9,9,8.59,9,9,9,9
2.7.4.16,4,6.73,6,6,6,6,6.38,5,6.25,6,6.53,6.96,6,6,6,6,5.82,6,6,6,6,6,5.73,6,6.39,6,6,6,6,6,6,6,6,6,6,6.01,6,6,6,6,6.14,6,5,6,6,6,6,6,6,6,5,6,6,6,6,6,5,6.01,4.02,6,5.23,6,7,6,6
2.7.4.2,3,2,2,2,2,2,2,2,2,2,2,2,2,2,2,2,2,2,2,2,2,2,2,2,2,2,2,2,2,2,2,2,2,2,2,2,2,2,2,2,2,2,2,2,2,2,2,2,2,2,2,2,2,2,2,2,2,2,3,2,2,2,2,2,2
2.7.4.22,3,2.99,3,2.99,2,3,2,3,2.56,2,2.01,2,2,2,2,2,2.02,2.01,3,2,2,2.02,2.03,2,2,2,2,2,2,2,2,3,2,2,2,2,2,2,2,3,2.03,2,2,2,2,2,2.11,2.97,2,2,2.22,2,2.02,2,2,3,3,2,3.03,2,2.97,3,3,2,2
2.7.4.25,5,5,5,5.17,5,5.84,5.01,5,5,5.91,5.23,6,6,5.03,5,6,5.82,6,6,6,5,6,5.91,6,6,6,5.85,5.01,6,5.01,6,6,5,5,5.28,6,6,6,5.49,5,5.04,6,5,6,6,6,6,6,6,6,6,6,6,6,6.32,6,6,6.78,4,5.98,5,6,5,5,5
2.7.4.3,4,3,3.92,4,3,3.99,3,5,3,3,3,3,3,4,3,3,3,3,4,3,3,3.06,4,3,3,3,3,3,3,3,3,3,3,3,3,3,3,3,3,3,3.14,3.99,4,3,3,3,4,3,3,3,4,3.98,4,3,3.08,4,4,4,5,3,3,4,3,3.57,3
2.7.4.8,4,3.37,4,4,3,4,3,3,4,3,3,3,3.05,3.07,3.04,3,3,3.99,4,3,3,3,4,3,3,3,3.11,3,3,3,3,4,3,3,3,3.68,3,3,3,4,3.14,3,4,3.5,3,3,3.39,4,3,3,3,4,4,3,4,4,4,3,3,3,4,4,3,3,3
2.7.4.9,7,6,5,5.17,6,5,6,6,6,7,6,6,6.27,5,6,6.43,6.82,6,5.35,6,6,7,6.9,6.72,7,6,6.86,6.73,6,6,7,5.99,6,6,6,7,7,6.39,6.57,6,6.09,7,6,7,7,7,7,6,7,6,6,8,7,7,7.14,5.96,8,7,6.29,6,5,5.96,6.94,4.2,6
2.7.6.1,5,5,6,5.17,5,5.7,4.96,5,4.24,5,4.9,4.23,5,5,4.01,5,4.82,5,6,4,4,5,5.98,4.93,5,5,4.72,4.03,4.76,5,5,5.96,4,4,4.99,4.9,4.8,5,4,5,4.9,5,5.58,5,4,5,5,5,5,4.28,6,5,5,5,5,6,5,5,7,4.01,5,5.02,4.17,5,5.21
2.7.6.2,4,2.8,3.01,3.27,3,3.28,3,4,2.94,3,2.78,3,3,3,3,3,3,3,4,3,3,3,4.91,3,3,3,3,3,3,3,3,4,3,3,3,3,3,3,3,3,3,3,4,3,3,3,3.91,3,3,3,4,4,4,3.02,4,4,4,3.03,3,4,3,5,3.01,4.51,3
2.7.6.3,4,5,5,5,5,5,5,5,5,4.01,5,5,4.5,5,4.08,5,4.82,5,5.86,5,4.77,5,7,5,5,5,4.32,4.23,4.04,5,5,6,5,5,4.66,5,5,5,5,5,4.14,5,5,5,4,4.56,5,5,5,5,5,5,6,5,5,5.99,5,5,4,4,4,6,6,5.62,5
2.7.7.12,4,4,4.75,4.93,5,5,5,5,5,6,5,5.98,5.51,5,5.96,5.87,5.82,6,5,5,5.01,6,4.91,6,5,5,5.96,5.85,6,5.05,6,5,5,5,5.99,6,6,5.98,6,4,5,6,4,6,6,5,5,5,5,5,5,5,5,6,5,4,4.18,5,5.01,6,5,6,6,5,4
2.7.7.13,3.33,6,6,5.17,5,6,5.29,5,5.4,5,5.53,5,5.01,5.99,5,5,5,5,6,5,5,5,5,5,5.14,5,4.21,5,5,5,5,6,5,5,5,5,5,5,5,5,5.14,5,5.96,5,5,5,6,6,5,5,6,5.01,6,5.03,5.99,6,5,6,3.48,5,5,6,5,5,5
2.7.7.18,4,4.43,4.68,5.17,5,5,5,5,5,5,4.96,5,5,5,4.3,5,4.82,5,6,5,4.98,5,5.88,5,5,5,4.82,5,4,5,5,5,4,4.6,4.97,5,4.98,5,5,5,5,5,6,5,5,5,6,5,5,5,6,5.03,5,5,5,5,6,5.72,4,4,5,5,6,5,3
2.7.7.24,2,4,5,4,4,4,4,3.01,4,3,4,3.18,3.18,4,3.01,3,3,3.99,4,3.85,3,4,4.9,3,3.98,3,3,3,3.17,3,4,4,3,3.66,3,4,3,3,3,3,3.27,4,4,4,4,3.01,4,5,4,4,4,4,4,4,4,3.59,5,4,4,3.2,3,4,4,4,3
2.7.7.27,3,3,3,4,3,3,3,3,3,4,3,4,4,3.2,4,4,4,4,4,4,3.41,4,4,4,3.11,4,4,4,4,4,4,4,3.75,3,4,4,4,4,4,4,3.14,4,3.61,4,4,3.82,4,3,4,3.83,3,4,4,4,4,4,3,4,2,4,2.41,4.61,5,3.43,4
2.7.7.3,4,3,3,3.18,3,3,3,4,3,3,3,3,3,4,3,3,3,3,4,3,3,3,3.96,3,3,3,3,3.69,3,3,3,3,3,3,3,3,3,3,3,3,3,3,4,3,3,3,3,3,3,3,3,4,3.47,3,3,4,3,3,3,3,4,3,4,3,2.94
2.7.7.38,4,5,5,5,5,6,5.01,5,5.35,5,5,6,6,5,5,5,5,6,6,6,5,5.76,6,6,5,6,5,5,6,5,6,6,5,5.05,5,6,6,5,5,5,5.14,6,6,6,6,6,6,6,6,6,6,7,7,6,6,5,7.98,6.98,4,5,5,6,5,5.81,6
2.7.7.4,7,6,6.15,6.17,6,6,6.01,6,6.04,6,6,6,6,6,6,6,5.87,6,7,6,6,6,6.04,6,6,6,6,6,6,6,6,6.99,6,6,6,6,6,6,6,6,6,6,6,6,6,6,6.44,6,6,6,6,6,6,6,6,6.96,6,6,6,6,6,6,6,6,6
2.7.7.6,10,10,10,10,9,10,9.01,10,9,9,9,9,9,10,9,9,9.82,9,10,9,9,9.07,10,9,9,9,9,9,9,9,9,10,9,9,9,9,9,9,9,10,9.14,9.28,10,9,9,9,10,10,9,9,10,10,10,9,10,10,10,10,10,9,9,9,10,9,9
2.7.7.60,5,6,5.21,6.03,6.01,6,6.45,5.03,6,7,6.08,7,7,6,6,7,6.82,7,5.66,6,6.05,7,5,7,6,7,6.9,7,7,7,7,6,7,6,6.85,7,7,7,6.91,6,5.14,7,6,7,7,6,6,6,6,6.99,6,6,6,7,6,6,4,6,4.14,7,6,7,7,7,5
2.7.7.7,10,10,10,10,10,10,10,10,10,10,10,10,10,10,10,10,10,10,10,10,10,10,10,10,10,10,10,10,10,10,10,10,10,10,10,10,10,10,10,10,10,10,10,10,10,10,10,10,10,10,10,10,10,10,10,10,10,10,10,10,10,10,10,10,10
2.7.7.77,3,4.69,5,4.17,4.65,4,4.32,4,4.88,5,4.76,5,5,4,5,5,4.82,5,5,5,4,5,4.9,4.99,5,5,4.88,5,5,5,5,5,5,4.88,4.6,5,5,5,4.96,4.01,4.14,5,4.02,5,5,4,5,5,4.96,5,6,4.96,5,5,4,4,4,4.29,3,5,4,6,4.99,4,5
2.7.7.8,7.43,6,6,7,6,7,6,6,6,6,6,6,6.04,6,6,6,6.27,6,7,6,6,6,7,6,6,6,6,6,6,6,6,7,6,6,6,6,6,6,6,7,6.14,6,7,6,6,6,6.92,6.1,6,6,6,6,6,6,6,7,6.7,6,7,6,6.07,5,7,6,6.92
2.7.7.9,5,3,4,4.17,3,4,3,4,3,4,3,4,4,4.87,4,3.25,4,4,5,3,3.15,4,5,4,4,4,4.84,4,3,4,4,5,3.03,3.98,3,4,3,4,4,4.97,4,4,5,4,3,3.3,4.6,4,4,3,4,5,4.94,4,4,4,4,4,4,3,4,5,5,4,4.38
2.7.8.13,10,9,10,10,10,10,10,10,10,10,9.53,10,10,10,9,10,10,10,10,9.13,9.72,10,10,10,10,10,9.86,10,10,10,10,10,10,10,9.69,10,10,10,10,10,10,10,10,10,10,10,10,10,10,10,10,10,10,10,10,10,10,10,10,10,10,10,10,10,10
2.7.8.26,8,9,8,9,8.99,9,9,8,9,8.93,8.94,9,9,8,8,9,8.82,9,9,8.19,8,9,9,9,9,9,8.86,9,8.96,8.99,9,9,8,8,8.67,9,9,8.44,9,8.29,8.14,9,9,9,9,8.82,9,9,9,9,9,9,9,9,9,9,9,9,7,9,8,9,9,9,8
2.7.8.37,3,4,2,2.12,3.62,2,3.48,2,4,2,4,2.9,2.2,2,2.24,2,2,3,2,2,2.47,2,2,3,2,3,2.01,2,3,2,2,2,2,2.34,2,2.99,2,3,2,3,2.76,2,2,3,2,2,2,2.02,2.88,2,2,2,2,2,2,2,2,2,2,2,2,2.03,4,2,2
2.7.8.5,8,6,8,8,6,7.99,6,8,6,7,6,7,7,7.95,6,7,6.82,7,8,6,6,7,9,6.28,7,7,7.61,7,6,6.65,7,8,6,6,6.23,6,6,6.49,6.99,7,7.14,7,8,7,6,7,8,7.01,7,7,8,8,8,7,8,8,8,8,6,7,7,8,7,8,7
2.7.8.7,7,7,7.66,8,7,8,7,8,7,7,7,7,7.99,7.85,7,7.13,7.76,7.99,8,7,7,7,7.94,7,7.14,7.98,7,7.98,7,7,7.05,8,7,7,7,7,7,7.44,7,8,7.14,7,7,7.01,7,7,8,7,7.95,7.81,8,8,8,7.06,7.11,8,7,8,6,7,7,8,8,8,8
2.7.8.8,3,2,3,3,3,3,2.01,3,2.9,2,2.01,2,2.01,3,2,2,2.01,2,3.2,2,2,2.96,4,2,2.05,2.92,2.04,2.52,2,2,2.93,3,2.14,2,3,2,3,2.94,2,2,2.08,2.15,4,2,2,2.23,3,3,2.27,2.92,3.22,3,3.87,3,3,3,4,3,3,3,3,3,2,3,3
2.7.9.1,7,5,5.01,5.17,5,5,5,5,5,5.72,5,5,5,5,5,5,5,5,6,5,5,5,5,4.99,5,5,5.8,5,5,5,5,5,5,5,4.99,5,5,4.99,5,6,5.12,5,5,5,5,5,5,5,5,5,5,5,5,5,5,5,4,5,4,5,5,6,6,4,4.91
2.7.9.2,4.96,6,5,5,5.13,5,5.12,5,6,5.26,6,6,6,5,5.04,5,5.35,6,5,5,5.93,5.43,4.92,5.71,6,6,5,6,6,5,5.86,5,5.01,5.83,5.52,6,5.98,5.51,5.66,4.97,5.08,5.99,5,6,6,5,5,5,5.44,5.01,5,5,5,5,5,5,4,5,4.13,6,5.21,5,6,4.99,5
2.7.9.3,2,4,3,3,3,3,3.06,3,3.31,3,3,3,4,3,3,3,2.83,3.85,3,3.87,3,3,3.92,3,4,4,3,3,3,3.65,3.7,3,3,3.01,3,3,4,3.7,3,3,3,3,3,4,4,3,4,3,3.89,3.78,3,4,4,4,4,3,6,4,3,3,4,3,4,2,5
2.8.1.4,4,4,3.99,4,4,4,4,4,4,4,4,4,4,3.99,4,4,3.83,4,4,4,4,5,4.88,4,4,4,4,4,4,4,4,4,4,4,4,4,4,4,4,3,3.14,4,4,4,4,4,4,4,4,4,4,4,4,4,4,4.82,4,4,6,4.96,4,4,4,5,4
2.8.1.6,4.85,4,4,4.22,4,4,4,4,4,4,4,4,4,4,4,4,4,4,4.27,4,4,4,5,4,4,4,4,4,4,4,4,4.6,4,4,4,4,4,4,4,4.13,4,4,4,4,4,4,4,4,4,4,5,4.27,4,4,4,4.47,4,4,3,3,4,4,4,4,4
2.8.1.7,9,9,9,9,9,9,9,9,9,9,9,9,9,9,8,9,8.82,9,9,8.13,9,9,9,9,9,9,8.9,9,8.81,8.31,9,9,9,9,8.71,9,9,8.98,9,9,8.14,9,9,9,9,9,9,9,9,9,9,9,9,9,9,9,9,9,9,8.02,8,9,9,9,8.99
2.8.1.8,4,3,3,3,3,3,3,2,3,3,3,3,3,3,2,2.77,2.82,3,3,2,2.95,2,3,2.27,2.66,3,3,3,2,3,2,3,2,3,2,3,3,2.67,2.17,3,3,2,2.85,3,2,2.87,3,2.97,3,3,3,3,3,2.39,3,3,2,3,2,2.08,3,2,2,3,3
2.9.1.1,3,4,3,4,4,3.89,4.92,3,4.98,4.06,4,5,5,4,5,5,4,5,3.98,4.89,4.69,5,3,5,5,5,4,4,4.99,5,5,4,5,4.99,4.69,5,5,5,4.71,4.92,4.14,5,3,5,5,4,4,4,4,5,4,4,4,4.58,4,3.91,3,4,3,5,4,5,4,4,4
3.1.1.47,3.44,5.43,4,5,6,5,5.97,4,6,5.25,5.56,6,6,5,6,6,5.81,6,5,5.22,5.71,6,4.99,6,5.99,6,5,5.99,6,5.98,6,5,5.44,5.91,5.95,6,6,6,6,5,5.14,6,5,6,6,5,6,5,5.01,6,5,5,5,6,5.25,5,5,5,5,5,5,5,6,5,5
3.1.2.12,5,6,3,4,6.99,4,6.13,4,6.73,8,6.53,8,7.81,4.03,7,7.53,7.82,8,3,7,7,8,2,8,7,7,7.86,8,8,7,8,3.81,7,7,7,8,8,7.13,7.68,4,5.14,7.98,3,8,8,6.79,6,5,6,7,4,6,5,7,6,3.2,2,6,3,8,6,5.72,7,7,5
3.1.3.1,6,4,5,5.17,4,5.99,4.09,5,4,5,4,5,5,5.39,5,5,5,5,6,5,5,5,6,5,5,5,5,5,5,5,5,6,5,5,5,5.04,5,5,5,5.26,5,5,5,5.9,5,5,5.19,5,5,5,6,6,5.65,5.58,5.19,6,5,5,4,5,5,5,6,6,5
3.1.3.11,6,5,5,5.17,5.01,5,5,5.06,5.61,6,5,6,6,5,6,6,5.82,6,6,6,5.57,6,5.49,6,6,6,6,6,6,6,6.02,5,6,6,6,6.32,6.26,6,6,4.97,5.14,6,5,6,6.01,6,6,5,6,6,6,5,5,6,6,6,4.27,6,5,6,6,6,6,6,6
3.1.3.15,2.19,3,3,3,2.38,3,2.78,3,2.44,3,3,3,3,3,3,3,3,3,3,3,3,3,3.78,3,3,3,3,3,3,3,3,3,3,3,3,3,3,3,3,3,3,3,3,3,3,2.97,3,3,3,3,3,3,3,3,3,3,3,3,4,2,3,3.05,3,3.95,2.49
3.1.3.16,9,10,10,10,10,10,10,9,10,9,9.99,9,9.33,9,9,9,9,10,9,9,9,9.93,9,9.02,9.51,9.97,9,9,9,9,9.58,10,9,9,9,10,9,9.02,9.02,9,9.14,9.58,10,10,9,9,9,9,9,9,9,9,9,10,9,10,9,9,9,9,9,10,10,10,9
3.1.3.25,2,3,3,3,3,3,3,2,3,3,3,3,3,3,3,3,3,3.91,3,3,3,3,3,3,3,3,3,3,3,3,3,3,3,3,3,3,3,3,3,3,3,3,3,3,3,3,3,3,3,3,2,3,3,3,2.01,3,2,3,2,3,2,3,3,3,3
3.1.3.27,5,2,3,3.17,2.95,3,3,3.89,3,3,2.7,3,3,3,3,3,3,3,3,3,3,3,4.84,3,3,3,3.83,3,3,3,3,4,3,3,3,3,3,3,3,3,3.02,3,4,3,3,3,3,3,3,3,4,4,4,4,3,3,4,4,3,3,3,4,4,3,4
3.1.3.45,2,2,2,2,2,2,2,3,2,2,2,2,2,2,2,2,2,2,2.01,2,2,2,2,2,2,2,2,2,2,2,2,2,2,2,2,2,2,2,2,2,2,2,3,2,2,2,2,2,2,2,5,2,2,2,2,2,2,2,2,2,2,2,2,2.13,2
3.1.3.5,3,4,4,4,4,4,4,3,4,3,4,4,4,4,4,4,3,4,5,4,4,4,4,4,4,4,4,3,4,3.01,4,4,3.87,4,3.11,4,4,4,4,3.07,4,3.71,4,4.05,4,4,4,4,4,4,3,4,4,4,3.01,5,3,4,3,3.01,4,4,5,4.07,3
3.1.4.3,2.61,4,3,3,3.64,3,3.14,2.96,4,3,3.06,3.23,4,3,3,3,3,3.99,3,3,3.94,3,3,3,4,4,3,3,3,3.01,3,3.27,3.03,3.18,3,3.68,3.05,3.98,3,3,3.14,3,3,4,3,3,3,3,4,3.71,3.09,3,3,3,3,3,3,3.02,2,3,3,3,4,4,3
3.1.4.53,2,3,2,2.3,3,2,3,2,3,3,3,3,3,2,3,3,2.8,3,2,3,3,3,2,3,3,3,2.92,3,3,3,3,2,3,3,3,3,3,3,3,2,2.14,2.87,2,3,3,2.04,2,2.01,3,3,2,2,2,3,2,2,2,2.96,2,3,2,3.97,3,3,3
3.1.6.13,2,2,2,2,2,2,2,2,2,2,2,2,2,2,2,2,2,2,2,2,2,2,2,2,2,2,2,2,2,2,2,2,2,2,2,2,2,2,2,2,2,2,2,2,2.07,2,2,2,2,2,2,2.34,3,3,3,2,4,3,2,2,2,2,2,2,2
3.2.1.1,2,2,2,2,2,2,2,2,2,2,2,2,2,2.01,2,2,2,2,2,2,2,2,2,2,2,2,2,2,2,2,2,2,2,2,2,2,2,2,2,2,2,2,2,2,2,2,2,2,2,2,2.44,2,2,2,2,2,2,2,3,2,2,2,3,2,2.96
3.2.1.141,3,5,4,4,5,4,5,3,5,5,5,5,5,4,5,5,5,5.14,3,5,5,5,3,5,5,5.01,5,5,5,5,5,3.75,5,5,5,6,5,5,5,4,4.12,5,3,5,5.17,5,4.55,4.98,5,5,3,4,4,5,4,3,3,4.84,3,4.14,4,4,5,4.01,4
3.2.1.18,5.01,6,7,7.17,6,7,6.18,6.98,6.92,7,6.53,7,7,7,7,7,6.82,7,7,7,7,7,7,7,7,7,7,7,7,7,7,7.98,7,7,7,7,7,7,7,7,6.82,7,7,7,7,6.91,7,6,7,7,7,7,7,7,7,7,6,7,6,7,7,6.4,7,7,6
3.2.1.21,2.08,3,3,2.95,3,2.14,3,2.56,3,3,3,3,3,3,3.13,3,3,3,3,3,3,3.19,2,3,3,3.28,3,3,3,3,3,3,3,3,3,3.98,3,3,3,2.75,3,3,2,4,3,3,3,3,3,3,2.72,2.42,2,3,3,3,2.01,3,3,3.67,2,3.98,4,2,2
3.2.1.22,4,6,6.04,6.17,6,6,6,8,6,6,6,6,6,6.01,6,6,5.26,6,7,6,6,6,6.96,6,6,6,5.86,6,6,6,7,6,6,6,6,6,6,7.02,6.66,6,6.02,6,8,7,6,6,6,6,6,6,10,6,6,6,6,6.17,6,6,6,6,6,7,6.98,6.56,5
3.2.1.23,9,9,9,9,9,9,9,9,9,9,8.99,9,9,9,9,9,9,9,9,9,9,9,9,9,9,9,9,9,9,9,9,9,9,9,9,9,9,9,9,9,8.3,9,9,9,9,9,9,9,9,9,9,9,9,9,9,9,9,9,9,9,8,9,9,9,9
3.2.1.26,5,2,3,3,2,3,2,3,2,2,2,2,2,3,2,2,2,2,4,2,2,2,3.03,2,2,2,2,2,2,2,2,4,2,2,2,2,2,2.22,2,2,2.14,2.56,3.07,2.15,2,2.01,2.87,2,2,2,3,3,3,2,2.97,3,3,2,3,2,3,3,3,2,2
3.2.1.28,2,3,2,3,3,3,3,2.57,3,3,3,3,3,3,3,3,3,3,3,3,3,3,3,3,3,3,3,3,3,3,3,3,3,3,3,3,3,3,3,3,3,3,2.67,3,3,3,3,3,2.99,3,3,3,3.99,3,3,3,2.6,3,2,2.7,3,3.56,3,2.69,3
3.2.1.4,3,3.85,3,4.17,4,4,4,4,4,4,3.99,4.97,4,4,4,4,3.92,4,4,4,4,4,4.02,4,4,4,3,4,5,4,4.17,4.83,4,4,4,4,4.99,4,4,4,3.17,4,4,4,4,4,4,4,4,4.69,4,4,4,4,4,4,3,4,3,4.14,3,4,3.15,4.99,4
3.2.1.51,6,7,7,7.17,7,8,7,7,7,7,7,8,7.65,7,7,7,7.82,7.84,8,7,7,7,8,7,7,7,7.86,7.14,7,7,8,7.99,7,7,7,7.99,7,7,7,7.14,7.03,7.54,7.05,7.34,7.01,7,8,7,7,7,7,7.59,7.01,8,7,7,7,8,6,7,6.13,8,7,8,7
3.2.1.52,4,5,5.99,6,5,5.75,5,5,5,5,5,5,5.01,5.84,5,5,4.98,5.08,6,5,5,5,6.01,5.05,5,6,5.06,5,5,5,5.07,5.92,5,5,5,5.1,5.05,5.24,5,5.09,5.14,5,6,5,5,5,5.92,5,6,5.24,5.37,5.56,6,5,5,5.15,5,6,4,5,6,5,6,6,5
3.2.1.55,2,3,3,3,3,3,3,3,3,3,3,3,3,3,3,3,3,3,3.35,3,3,3,3.91,3,3,3,3.01,3,3.13,3,3.04,4,3,3,3,3,3,3,3,3,3,3,3,3,3,3,3,3,3,3,3,3.44,4,4,3.94,3,4,4,2,4,3,3,2,3,4
3.2.1.85,3,2,2,2,2,2,2,2,2,2,2,2,2,2,2,2,2,2,2,2,2,2,2,2,2,2,2,2,2,2,2,2,2,2,2,2,2,2,2,2,2,2,2,2,2,2,2,2,2,2,2,2,2,2,2,2,2,2,4,2,2,2,2,2,2
3.2.1.93,4,2,2.43,2,2,2,2,2,2,2,2,2,2,2,2,2,2,2,2,2,2,2,2,2,2,2,2,2,2,2,2,2,2,2,2,2,2,2,2,2,2,2,2,2,2,2,2,2,2,2,2,2,2,2,2,2,2,2,4,2,2,2,2,2,2
3.2.1.96,5,2,2,2.92,2,2,2,2,2,3,2,2,2,2,2,2,2,2,2,2,2,2,2,2,2,2,3,2,2,2,2,3,2,2,2,2,2,2,2,3,2.1,2,2.99,2,2,2,2,2,2,2,2,2,2,2,2,2,2,2,2,2,2,2,2,2,2
3.2.2.9,3,2,2,2,2,2,2,2.08,2,2,2,2,2,2,2,2,2.66,2.97,2,2,2,2.89,3,2,2,2.02,2,2,2,2,2.53,2.25,2,2,2,2,2.15,2,2,2,2,3,2,2.01,2,2,2,2,2,2,2,3,3,2,2,2,2.1,2,3,2,4,3,2,2.65,3
3.3.1.1,2,3.81,3,3,3.09,3,4,2,3.07,3,3.33,3,3,3,3,3,3,3,3,3,3,3.14,2.99,3,3,3,3,3,3,3,3,3,3,3,3,3,3,3,3,3,3,3,2.97,3,3,3,3,3,3,3,2,3,3,3,3,3,3,3,3,3.56,3,2.58,3,3,2
3.4.11.1,7.76,8,7,7.17,8,7,8,7,8,7,7.99,7,8,7,7,7.38,7.82,8,7,7,7,8,7.82,7.88,8,7.93,7.09,7,7,7,7.68,7.16,7,7,7,8,7.19,7.44,7.52,7.79,7.14,8,7,8,7.09,7.97,8,8,8,7,7.46,8,8,8,7.2,8,8,8,8,7,7,8.48,8,8,8
3.4.11.2,3.99,4.05,4,4.17,5,4,4.2,3,4,5,4,5,5,4,5,4.8,5,5,4,4.85,5,4,3,4.95,4.61,5,5,5.1,5,5,4,4,4.62,5,4.07,5,5,5,5,6,4.84,4.47,3,4.98,5,4,4,4,4.59,5,3,4,4,4,4,4,3,4,3,5,5,4.98,4,4,4
3.4.11.5,3,5,4,3,5,3,5,3,5,4,5,4,4,3,4,4,4,4,3,3.99,4,4,3,4,4,4,4,3.98,4,4,3.76,3,4,3.4,3.81,4,4,4,4,4,3.19,4,3,3.99,4,3,3.94,4,3.9,4,3,3,3,3.91,3.88,3,3,3,3,4,3,3,5,4,3
3.4.16.4,9,9,9,9,9,9,9,9,9,9,9,9,9,9,9,9,8.82,9,9,9,9,9,9,9,9,9,8.86,9,9,9,9,9,9,9,9,9,9,9,9,9,9,9,9,9,9,9,9,9,9,9,9,9,9,9,9,9,9,9,9,9,9,9,9,9,9
3.4.24.84,5,4,5,6.17,5,6,5,6,5,6,4.64,5.91,5.85,6,5,5.95,5.82,5.45,7,6,5,6,8,5,6,5.7,5.86,5.05,5,5.05,6,6.98,5,5,5,6,5.46,5.5,5.76,5,5.14,6,7,6,6,6,7,6.99,6,6,7,8,8,7,7,6,9,8,4.02,6,6,7,6,7,5.31
3.5.1.18,3,4,3,3.14,3.79,3,3.88,3,4,3,4,3,3,3,3,3,3,3,3,3,3,3,3,3,3,3,3,3.01,3,3,3,3,3,3,3,3,3,3,3,3.89,3.07,3,3,3,3,3,3,3,3,3,3.97,3,3,3,3,3,2.94,3,3,3.47,4,4,3,3.15,4
3.5.1.2,5,3,3,3,3,3,3,3,3,3,3,3,3,3.14,3,3,3.29,3,3,3,3,3,3.89,3,3,3,3.04,3.98,3,3,3,3.09,3,3,3,3,3,3,3,3.04,3,3,3,3,3,3,3,3,3,3,3,3,3,3,3,3,3,3,2,3,3,4,4,3,3
3.5.1.25,6,6,5,5.16,5.88,5,5.99,4,6,6,6,6,6,5,6,5.63,5.82,6,5,6,6,6,4.9,6,6,6,5.9,6,6,5.51,5.94,5,6,5.91,5.96,6,6,6,5.98,6,5.14,6,5,6,6,5,5,5,6,6,5,5,5,5,5,5,5,6,6,5,5,5,6,5,5
3.5.1.47,2,2,2,2,2,2,2,2,2,2,2,2,2,2,2,2,2,2,2,2,2,2,2,2,2,2,2,2,2,2,2,2,2,2,2,2,2,2,2,2,2,2,2,2,2,2,2,2,2,2,2,2,2,2,2,2,2,2,4,2,2,2,2,2,2
3.5.1.5,6,4,3.79,3.17,4,3,4.04,3,4,3,4,3.01,3,3,3,3,3.82,3.98,3.18,3,3,3.49,3,3,3,3,4,3,3,3,3,3,3,3,3,3.82,3,3,3,4,3,4,3,3,3,3,3,3,3,3,3,3,3,3,3,3,3,3,5,3.02,3.98,4,4,3,4
3.5.1.9,4,4,4,4.17,4,4,4,3.98,4,4,4,4,4,4,4,4,4,4,4.01,4,4,4,4,4,4,4,4,4,4,4,4,4.02,4,4,4,4.07,4,4,4.74,4,4.04,4,4,4,4.91,4,4,4,4,4,4,4,4,4,4,4,4,4,3,4.86,4.98,5,5,4,4
3.5.2.3,6,7,6,5.24,6.81,6,7,5,6.67,6,6.91,6,6,6,6,6,5.82,6,6,6,6,6,5.89,6,6,6,6,6,6,6,6,6,6,6,6,6,6,6,6,6,5.14,6,5,6,6,6,6,6,6,6,6,5.36,6,6,6,6,5,5.81,6,6,5,6.04,6,6,4.59
3.5.2.7,3,4,3,3.16,4,3,4,3,3,3.02,4,4,3.21,5,3.96,3.65,3.79,4,3,3.99,3.12,3,4.97,3.06,3.94,3.98,3.14,3,3.35,3.79,4,3,3,4,3,4,3,4,3.96,4,3.14,3.17,3,3.99,4,3,4,3,3.91,4,3,3,3,3.99,3,4,2.04,4,2,3.75,4,3.53,3,7.99,2.93
3.5.3.12,2,3.72,3,3,3,3,3.77,3,3,2.67,4,3,3,3,3,3,2.81,3,3,3,3,3,3.91,3,3,3,2.97,3,3,3,3,3,3,3,3,3,3,3,3,2,3,3,3,3,3,3,2.1,3,3,3,2,3,3,3,2.23,3,2.74,3,2,3,3,3,4,4,2
3.5.3.6,5,4,4,3.17,4,4,3.76,3,4,4,4,4,4,3,3,4,4,4,4,4,3.89,4,3,4,3.39,4,3.93,4,3.02,4,4,4,3.35,3,3.76,4,4,4,3,4,4.04,4,3.92,4,4,4,4.77,4,4,3.09,4,4,4,4,4,4,5,4,3,3,3,3,4,3,3.31
3.5.4.16,3,4,4,3.4,4,4.01,4,4,4,3,4,4,4,6,3,3,3,4,7,4,3,3,4.93,4,4,4,4,3,4,3,4,4,3,3,3,4.73,4,4,3,3,3.14,3,3.63,4,4,4,3,4,4,4,3,3,5,4,3.26,3.67,3,4,3,4,4,3,5.23,6,5.95
3.5.4.2,3,4,4,4.17,4.43,4.07,4.99,4,5,4,4.29,4.7,5,4,4.2,4.39,4,5,5,4.47,4,5,4.93,4.01,5,4.97,4,4,4.79,4,5,5,4,4.07,4.72,5,5,4.99,4,4,4.14,5,4.99,4.8,5,4,4.03,4.98,4,5,4,5,5,5,4,5,4,4.95,5,4.16,4,5,5,4,5
3.5.4.25,2,3,3,3,3,3,3,3,3,3,3,3,3,3,3,3,3,3,3,3,3,3,3,3,3,3,3,3,3,3,3,3,3,3,3,3,3.03,3,3,3,3,3,3,3,3,3,3,3,3,3,3,3,3,3,3,3,2,3,2.86,4,3,4,4,3,3
3.5.4.5,2,2,2,2,2,2,2,2,2,2,2,2,2,2,2,2,2,2,2,2,2,2,2,2,2,2,2,2,2,2,2,2,2,2,2,2,2,2,2,2,2,2,2,2,2,2,2,2,2,2,2,2,2,2,2,2,2,2,3,2,2,2,2,2,2
3.5.99.6,4,3,3,3,3,3,3,3,3,3,2.69,2.73,2.88,3,2.91,3,3,3,3,2.02,3,3,3.9,2.27,2.93,3,3,3,2,3,2.56,3,2.56,2,3,3,3,2,2.99,3,3,3,4,3,3,3,3,3,2.95,2.05,3,3,3,3,3,3,4,3,5,3,3,3,3,3,3
3.6.1.1,9,7.48,8.04,8.17,7,8,7.15,8,7.02,7,7.26,7.97,8,8,7,7.89,7.82,8,8,7,7,8,8.93,7,8,8,7.86,8,7,7.3,8,8,7,7,7,8,7.91,7.33,7.66,8,7.14,8,9,8,7.05,8,8,8,8,8,8,8,8,8,8,9,8,8,8,8,7,8,8,7.01,7
3.6.1.15,3,3,4,4.02,3,3.14,3,4,3,3,3,3,3,4,3,3,3,3,4,3,3,3,4.37,3,3,3,3,3,3,3,3,4,3,3,3,3,3,3,3,3,3.01,3,4,3,3,3,4,3.99,3,3,4,3.95,3.97,3,3.49,3.95,4,4,2.01,3.95,4,4,4,4,2
3.6.1.27,7,6,7,7.17,6,7.01,6,7.06,6,6,6,6,6.67,7,6,6.41,6.82,6,8,6,6,7,8,6.01,6.01,6.01,6.06,6.01,6,6,7,8,6,6,6.71,6,6,6,6,7,6.14,7,8,6.59,6,6,7,7,7,6,8,8,7.01,7,7,7.89,8,7,8,6,7,7,8,7,7
3.6.1.40,6.62,7,7,7.17,6.97,7,7,7,7,7,7,7,7,7,6.97,7,6.82,7,7.02,7,7,7,7.93,7,7,7,6.86,7,7,6.97,7,7,7,7,7,7,7,7,7,7,7,7,7,7,7,7,7,7,7,7,7,7,7,7,7,7.99,6.31,7,6,6.85,7,7.64,8,6,7
3.6.1.54,3,4,3,3.17,4,3,4,3,4,3,4,4,4,3.05,3,3.48,3,3.98,3,3.22,3,3.09,4.03,3,3,4,3,3.01,3,3,4,4,3,3.95,3,3.35,4,4,3,3,3.14,3,3,4,3,3,3.27,4,3.37,3.99,3,3.86,3,4,3,3.6,3,3.78,2.41,4,4,4,3,3.06,5
3.6.1.66,3,3,3.05,3.99,3,3,3,3,3,3,3,3,3,4,3,3,3,3,4,3,3,3.14,4,3,3,3.01,3,3,3,3,3,3.87,3,3,3,3,3,3.26,3,3,3.14,3,4,3,3,3,3,3,3,3,3,4,3,3,3,4,3,3,4,3.23,3,4,5,3,3.69
3.6.1.7,3,3,3.11,3,3,3,3,3.41,3,3,3,3,3,3,3,3,3,3,3,3,3,3,3.99,3,3,3,3,3,3,3,3,3,3,3,3,3,3,3,3,3,3.03,3,3,3,3,3,3,3,3,3,3,3,3,3,3,2.91,2.99,3,2,3,3,4,3,4,2.99
3.6.3.14,8,8,8,8,8,8,8,8,8,8,8,8,8,8,7.01,8,8,8,8,7.32,8,8,8,8,8,8,7.89,8,7.97,8,8,8,7,8,7.69,8,8,7.44,8,8,7.33,8,8,8,8,8,8,8,8,8,8,8,8,8,8,8,7.29,8,8,7,8,8,8,8,7.34
3.6.3.25,6,5,3,2.29,4.07,2.94,5,2,4.83,3,5,3,4,2,3,3,3,3.12,2,3,3,3,2,3.71,3,3,3,3,3,3,3,2,2.44,3,2.42,3,3,3.02,3,4,3.15,3,2,3,2.02,3,3,3,3,3,2,2,2,2.98,2,2,2,2,5,3,2,2,3,2.99,3
4.1.1.20,5.55,7,7,6.17,6.22,6,6.35,6,7,5.26,6.61,6,6.14,6,6,6,5.82,6,6.87,6,6,6,6.01,6,6,6,5.99,6,6,6,6,6.44,6,6,6,6,6,6,6,6,6.14,6,6,6,6,6,7,6.98,7,6,7,7,7,6.16,7,7,8,7,6,6,6.07,6,5.14,5.36,6
4.1.1.23,4,5,4,4.17,5,4,5,4,5,5,5,5,5,4.02,5,5,4.95,5,5,5,5,5,4.19,5,5,5,5,4.7,5,5,5,5,5,5,5,5,5,5,5,5,5.07,5,4,5,5,5,5,4.09,5,5,4,4.96,4,5,4.17,5,4,5,4,4,5,4,5,5,4
4.1.1.3,4,3,3,4,3,4,3,4,3,3.65,3,3.88,4,4,4,4,3.01,4,4.88,3,3.01,4,5.93,3.94,4,4,3.89,4,3.17,4,4,4,4,3.87,4,4,3,3.77,3,3,3.44,4,5,3.29,4,3,4,4,4,4,4.53,5,5,4,4,4,5,4,3.99,4,4.54,4,4,3,4
4.1.1.31,6,8,7,7.17,7.01,7,7.99,7,7.96,7,7.53,7,7.26,7,7,7,6.82,7,7,7,7,7,7,7,7,7,6.9,7,7,7,8,7,7,7,7,7,7,7,7,7,6.15,7,7,7,7,7,7,7,7,7,7,7,7,7,7,7.01,7,7,7,7,7,7,7,7,8
4.1.1.33,3,2,2,2,2,2,2,2,2,2,2,2,2,2,2,2,2,2,2,2,2,2,2,2,2,2,2,2,2,2,2,2,2,2,2,2,2,2,2,2,2,2,2,2,2,2,2,2,2,2,2,2,2,2,2,2,2,2,3,2,2,2,2,2,2
4.1.1.37,4,4,4,4.17,4,4.79,4,5,4,4,4,4,4,4,4,4,4,4,5,4,4,4,4.14,4,4,4,4,4,4,4,4,4.31,4,4,3.99,4,4,5,4,4,4.14,4,6,5,4,4,4,4,4,4,7,4,4,4,4,4,3.56,4,3,4,4,5,5,4,3.02
4.1.1.4,2,3,2,2,3,2,3,2,3,2,3,2.68,2.06,2,2,2,2,2,2,2,2,2.98,2,2,2.7,2.02,2,2,2,2,2,2,2,2,2,2,2,2,2,2,2,3,2,2,2.87,2,2,2,2,2,2,2,2,2,2,2,2,2,3,2,3,3,2.26,2,2
4.1.1.48,4,5,5,4.9,4.81,4.92,4.22,4.38,5,4,4.87,4.13,4,4,4,4,4,4.99,4.84,4,4,4.01,4.86,4,4,4,4,4,4,4,4,5,4,4,4,4.98,4,4,4,4.41,4,5,5,4,4,4,5,4.97,4,4.01,4.27,4.92,4.77,4.07,4,4,4,4,3,5,5,5,5,3,4
4.1.1.49,5,3.02,3,3,3,3,3,3,3,2.15,3,2.96,2.94,3,3,3,3,3,3.98,3,3,2.32,3.89,3,3,3,2.66,2,3,3,3,3,2.64,2.2,2,3,3,3,2.24,2.3,3,2.72,3,3,2,3,3,3,3,2.46,3,3,3,3,3,3,3,2.96,2,3,3,3,3,3,3
4.1.1.5,3,2,2,2,2,2,2,2,2,2,2,2,2,2,2,2,2,2,2,2,2,2,2,2,2,2,2,2,2,2,2,2,2,2,2,2,2,2,2,2,2,2,2,2,2,2,2,2,2,2,2,2,2,2,2,2,2,2,4,2,2,2,2,2,2
4.1.1.65,4.36,4,5,5,4,5,4,5,4,4,4,4,4,5,4,4,3.94,4,5.38,4,4,4,6.89,4,4,4,4,4,4,4,4.21,5.01,4,4,4,4,4,4,4,4,4.14,4,5,4,4,4,5,5,5,5,6,5.6,5.05,5,5,5,5,5,3,5,5,5,6,5,5.84
4.1.1.90,4,2,3,3,2,3,2,3,2,2,2,2,2,3,2,2,2,2,4,2,2,2,4.89,2,2,2,3,2,2,2,2,3,2,2,2,2,2,2,2,2,2,2,4,2,2,2,2.99,3,2,2.01,3.41,3,4,2,2.99,3,3,3,2,2.73,2,3,3,4,3
4.1.1.98,2,3,3,3,3.62,3,3.07,2.67,3,2,3,3,3,3,3,3,2,3,3,3,3,2.14,3.06,3,3,3,2,2,3,2.68,3,3,3,3,2,3,3,3,3,3,3,3,3,3,3,3,3,3,3,3,3,3,3,3,3,3,2.3,3,2,2.65,3,3.02,3,3,3
4.1.2.13,5,3,3,3.1,3,3,3,3,3,3,3,2.03,3,3,3,3,3,3,3,2,2,2.56,3,2.35,3,3,3.4,3,2.01,2.94,3,3,4,3,2,2.12,2,2.62,2,3,2.1,2,3,3,2,3,3,3,3,2.36,3,2.07,2.05,2,2.03,3,2.94,2,3,3,2,3.14,2,2,3
4.1.2.14,3.9,5.86,4,4.17,5,4,5.46,3.77,5.9,4,5.54,5,5,4,5,5,4.82,5,3.6,5,5,5,3.82,5,5,5,5,5,5,4.94,5,4,5,5,5,5,5,5,5,4,4.14,5,4,5,5,4.96,4.01,4.45,5,5,4,4,4,5,4,4.03,3.12,4,4,4,4,5,3.04,4,5
4.1.2.4,4,4,4,3,3.23,3,3.18,3,3,3,3,3,3,3,3,3,3,3,3,3,3,3,3,3,3,3,3,3,3,3,3,3,3,3,3,3,3,3,3,3,3.04,3,3,3,3,3,3,3,3,3,2.99,3,3,3,3,3,2.93,3,3,3,3,4,3.67,3,3
4.1.3.27,7,7,7,7.17,7,7,7,7,7,7,7,7,7,7,7,7,6.82,7,7,6.92,7,7,7,7,7,7,7,7,7,7,7,7,7,7,7,7,7,7,7,7,6.16,7,7,7,7,7,7,7,7,7,7,7,7,7,7,7,7,7,7,6.78,7,8,7,7,7
4.1.3.38,2,3,2,2,3,2,3,2,3,3,3,4,3,2,3.98,3.06,3,3.2,2,4,3,3,2,3.19,3,3,3,3,4,3,4,2,3,3,3,4,3.99,4,3.12,2,2.15,3,2,4,4,3,3,2.99,3,3,2,2.62,2,3.99,3,2,2,3,2,3,3,2,2,3,3
4.1.99.1,2,2,2,2,2,2,2,2,2,2,2,2,2,2,2,2,2,2,2,2,2,2,2,2,2,2,2,2,2,2,2,2,2,2,2,2,2,2,2,2,2,2,2,2,2,2,2,2,2,2,2,2,2,2,2,2,2,2,3,2,2,2,2,2,2
4.1.99.17,2,4,3,3,3.01,2,3,3,3.01,2,3,2.45,2.22,3,2,2,2,2.97,3,2,2,2,2.83,2.7,2.71,2.63,2,2,2.01,2,2.03,3,2,3,2,2.57,2.01,2.25,2,2,2,3,3,3,3,2,2,3,3,2,2,2,2,2,2,2.19,2,2,2,3,3,2.28,3,3,2
4.1.99.22,7,7,8,7.17,7,7.05,7,7.01,7,7,7,7,7.06,7,7,7,7,7.05,8,7,7,7,8,7,7,7,7.66,7,7,7,7,8,7,7,7,7,7,7,7,7,7.14,8,8,7,7,7,7.04,8,7,7,7,7.98,7.82,7,7,8,7,7,7,7,7,7,8,7,7
4.2.1.1,3.32,6,5,5,6,5,6,4.03,6,5,6,5,5.71,5,5,5,4.82,5,5,5,5,5,5,5,5,5.06,4.96,5,5,5,5,5,5,5,5,5.26,5.26,5,5,5,5.01,5,5,5,5,5,5,6,5.33,5,5,5,5,5,5,5,5,5,4,5,5,5,5.46,5,5
4.2.1.10,4,4,4,4,4,4,4,4,4,3,4,3.08,4,4,3.78,3.7,3.19,4,5,3.24,3.29,4,4,3.46,4,4,3,3,4,3,4,4,3,3.96,3,4,3.99,4,3.48,4,4,4,4.14,4,3,4,4,4,4,4,3.09,4,4,4,3.98,4,4,4,3,4,4,4.99,5,3,4
4.2.1.11,8,8,8,7.17,8,7,8,7,8,7,7.99,7,7.74,7,7,7,7.82,7.59,7,7,7,7,7,7.16,7.69,7.34,7,7,7,7,7.8,7.97,7,7,7,7.82,7,7.44,7,7.58,7.14,7.09,7,7.56,7,7.02,7.47,7.52,8,7,7,7,7,7,7,7,7,7,7.02,7,7,8,8,8,7
4.2.1.126,4,3,3,3,3,2.76,3,2.88,3,3,3,3,3,3,3,3,3,3,3,3,3,3,3,3,3,3,3,3,2,3,3,3,3,3,2.97,3,3,3,2.88,3.82,2.43,2.99,3,3,2,3,3,3,3,3,3,3,3,2.2,2.98,3,3,2.27,3.98,2,2,3,4,3,2
4.2.1.19,2,3,2,3,3,3,3,2,3,3,3,3,3,3,3,3,3,3,2,3,3,3.23,2,3,3,3,3.19,3.51,3,3,3,2.01,3,3,3,3,3,3,3,3,2.14,3,2,3,3.01,3,3,2.31,3,3,3,3,3,3,3,2.3,2,3,2,3,3,3,4,3,2
4.2.1.2,6,7,6,5.7,6,6,6.14,6,7,5,6,5.38,5.13,6,5,5,5,6,6,5,5,5,5.74,5,6,6,5,5,5,5,5,6.05,5,5.02,5,5,5.03,6,5,6,5.6,5,6,5.03,5,5.1,5.6,6,6,6,6,6,5,5,6,6,5.03,6,5,5,5.97,5.07,5,4.39,4.99
4.2.1.20,7,7.01,7,7.16,7,7,7.01,7,7,7,7.53,7,7,7,6.37,6.7,6.82,7,7.99,7,7,7,7,7,7,7,6.07,7,7,6.74,7,7,7,7,7,7,7,7,7,7,6.14,7,7,7,7,6.98,7,7,7,7,7.03,7,7,7,7,7,7,7,8,7,6,6,7,7,7
4.2.1.24,3.37,5,4,4,5,4,5,4,5,3.02,4.55,4,4,3,4,4,3.61,4,3,3,4,3,3,3.98,4,4,3.89,3,3.97,3.54,3,4,3.96,4,3,4,3,4,3,4,4,4,3,4,3,4,3,4,4,4,3.11,3,3,3.98,3,4,3,4,2,3,4,3.99,4,3,3
4.2.1.33,7,7,8,7.17,7,7,7,7.03,7.01,7,7.53,7,7,7,7,7,6.82,7.03,8,7,7,7,7,7,7,7,7,7,7,7,7,8,7,7,7,7,7,7,7,7,7.14,7,7,7,7,7,7,7,7,7,8,7,7,7,7,8,7,7.37,7,6,7,8,8,8,7
4.2.1.46,3,4,4,4,4,4,4.01,5,4,4,4,4,4.44,4,4,4,4,4.03,4,4,4,5,4.99,4,4,4.88,5,5,4,4,5,4,4,4,4,4,4.49,4,4,3,4.03,5,4,4.17,4,4,4.74,4,4,4,5,5,5,5,4,4,4.76,4,5,4,5,4,4.77,5,4
4.2.1.49,4,3,2.54,3,3,3,3,2,3,2,3,2.4,2.95,3,3,3,3,3,3,3,3,2,2.87,2.04,2,3,3,3,2.01,2,2,2.78,2.44,3,2,3,3,3,2,3.11,3,2,2,3,2,2,2.99,2,3,3,2,2,3,3,2,3,2,2,2.76,2,3,2,3,2,3
4.2.1.51,6,4,4,5.02,4.93,5,4.4,5,4.19,5,4,4.95,5,5,4.99,5,4.82,5,5,4,5,5,5.91,5,5,5,4.84,5,4.84,5,5,5,5,5,4.93,4.99,5,5,4.25,5,4.14,5,5,5,4.02,5,5,5,5,5,6,5,5,5,5,5,5,5,5,4,5.74,4,4.82,5.98,4
4.2.1.75,6,8,7,7.17,8,7,8,7,8,8,8,8,8,7,8,8,8,8,7,8,8,8,7,8,8,8,8,8,8,8,8,7.14,8,8,8,8,8,8,8,7.03,7.14,8,7,8,8,8,8,7.79,8,8,7,8,8,8,8,7,6.97,8,6,8,7,8,8,8,7
4.2.1.84,2,3,2.01,2,3,2,3,2,4,3,4,4,4,2,3.8,3.06,3,4,2,3.96,3,4,2,3.94,3,4,3,3,4,3,4,2,3,3,3,4,4,3.08,3.98,3,2.73,3.9,2,3.74,4,3.12,3,3,3,4,2,3,2,4,3,2,2,3,2,3,4,3,3,3,3
4.2.1.9,6.96,7.2,7,6.97,7,7,7.01,6,7,7,7.53,7,7,6,7,7,7,7,6,7,7,7,6,7.01,7,7,6.86,7,7,7,7,7,7,7,7,7,7,7,7,6,6.14,7.08,6,7,7,7,7,6.98,7,7,6,7,6,7,6.84,6,6,7,8,7,6,6,7,6.27,7
4.2.3.4,5,6,6,6.17,6,7,6,6,6,6,6,6,6,6,6,6,5.82,6,7,6,6,6,7,6,6,6,5.86,6,6,6,6.51,7,6,6,6,6,6,6,6,6,6.1,6,6.98,6,6,6,6,6,6,6,7,6.82,7,6,6,7,6,6.07,6,6,7,7,6,6,6.65
4.2.3.5,3.68,4,4,4,4,4,4,4,4,4,4,4,4,4,4,4,4.06,4,4,4,4,4.01,4,4,4,4,4,4,4,4,4,4.17,4,4,4.04,4.03,4,4,4,4,4,5,4,4,4,4,4,4,4,4,4,4,4,4,4,4,4,4,6,4,3.91,5,4,4,3
4.3.1.17,5,6,5.06,5.17,6,5,6,5,6,5,6,5,6,5,5,5.16,5.07,5.36,6,5.17,5,5.03,4.9,5.28,5.69,6,5,5,5,5,5,5,5,5,5,6,5,5.27,5,5,5.12,5,5,6,5,5,5,5,5,5.31,5,5,5,5,5,5.05,4,5,5,5,5,6,6,6,5
4.3.1.19,4,5,5,4.99,5,4.73,5,4,5,4,5,4.99,5,4.2,5,5,4,5,4.27,5,5,5,4.9,5,5,5,4,4,4.01,4.04,5,5,5,4.31,4.44,5,5,5,4.31,4,4.15,5,5,5,5,4,5,5,5,5,5,5,4.38,4.99,4,5,4.59,5,5,4,4,5,5,5,5
4.3.1.3,4,5,3.71,3.19,5,3.18,5,3,4.07,4,5,4,4,4,4,4,3.64,4,4,4,4,4,3,4,4,4,3,4,4,4,4,4,4,4,4,4,4,4,4,4,3.66,4,3,4,4,3,4,4,4,4,3,3.04,3,4,3.88,3,3,4,3,3,4,4,4,4,3.99
4.3.1.7,2,4,3,3,4,3,4,2,4,2,4,3,3,3,3,3,2,3,2.99,3,3,3,2.96,3,3,3,2,2,3,3,3,3,3,3,3,3,3,3,3,3,3,3,2,3,3,3,3,3,3,3,2,3,2.94,3,3,3,2,3,2,2,2.81,3,4,2,3
4.3.2.1,6,6,5,5.22,6,5.89,6.01,5,6,6,6.04,6,6,5,6,6,5.84,6,6,6,6,6,5.98,6,6,6,6,6,6,6,6,6,5.97,6,5.99,6,6,6,6,5.8,5.18,6,6,6,6,5.63,6,6,6,6,6,6,5.83,6,5.18,6,5,6,5.83,5.51,5.53,6,6.03,6,6
4.3.2.2,5,5,5,4.17,5,4.99,5,4,5,4,5,4,4,4,4,4,4,4.2,5,4,4,4,5,4,4,4,4,4,4,4,4,5,4,4,4,4,4,4,4,5,4.03,4.93,5,4,4,4,4,5,4,4,5,4,4.79,4,5,5,4,4,5,4,4.95,4.91,5,4,5
4.3.3.7,5,5,5.54,5.17,5,5,5,5,5,4.76,5,5,5,5,5,5,4.98,5,5,4.97,5,5,5,5,5,5,5,5,5,5,5,6,5,5,4.92,5,4.93,5,5,5,4.14,5,5,5,5,4,5,5,5,5,5,5,5,5,5,5,4.99,5,6,5,4,5,6,4.98,5
4.3.99.3,3.03,2,3,2.17,2,2,2.01,2,2,2,2,2,2,2,2,2,2,2,3,2,2,2,3,2,2,2,2,2,2,2,2,3,2,2,2,2,2,2,2,2,2,2,2,2,2,2,2.02,2,2,2,2,2,3,2,2,2,2.32,2.29,2.96,2,2,3,3,2.1,2.18
4.4.1.22,2,3,2,2.1,3,2.17,3,2,3,2,3,2.13,3,2.83,3,3,2,2.54,2.99,3,2,2,2.66,3,2.44,3,2,2,2.93,2,3,2,2,2,2,3,3,3,2.72,2,2,2,2,3,2,2,2,2.96,2,3,3,2,2.3,2,2,2,2,3,2,3,2,2.09,2,4,2.99
4.4.1.8,6,5.09,5,5.17,6,6,6,5,6,6,6,6,6,5.25,6,6,6.82,6.87,6,6,6,7,5.92,7,6,6,6,6.04,6.65,6,7,6,6,6,6.05,7,6.52,6,6.4,5,5.14,7,5.08,7,7,6,6,5.07,6,6,6,6,6,7,6,6,5,6,7,6,5.84,5,7,6,5
4.6.1.1,2,4,3,3,4,3,4,3,4,2,4,3,3,3,3,3,2,3,3,3,3,3,3,3,3,3,2,2,3,3,3,3,3,3,3,3,3,3,2.57,2,3,3,3,3,3,3,3,3,3,3,2,3,3,3,3,3,3,3,2.9,2.07,3,3,3,3,2.99
4.6.1.2,2,2,2,2,2,2,2,2,2,2,2,2,2,2,2,2,2,2,2,2,2,2,2,2,2,2,2,2,2,2,2,2,2,2,2,2,2,2,2,2,2,2,2,2,2,2,2,2,2,2,2,2,2,2,2,2,2,2,3,2,2,2,2,2,2
4.99.1.1,5,5,4,4.17,4,4,4.03,4,4.92,4,4,4,4,4,4,4,4,4,4.99,4,4,4,4.89,4,4,4,4,4,4,4,4,4.27,4,4,4,4,4,4,4,4,4,4,4,4,4,4,5,4,4,4,4.13,4,5,4,4,5,4,4,4,4,3,5,5,5,4
4.99.1.3,3,4,3,3,4,3,4,3,4,4,4,4,4,3,4,4,3,4,3.08,4,4,4,3,4,4,4,4,4,4,4,4,3,4,3.96,3.96,4,4,4,4,3.03,3.14,4,2.59,3.63,4,3.07,3.18,3.24,3,4,3.9,3,3,3.96,3.15,3,2,3.22,2,4,3,4,3.72,4,3.82
5.1.1.1,9,9,9,9,9,10,9,8,9,8,9,9,9,10,8,8.63,8.82,9,9,9,8,9,9,9,9,9,8.86,9,9,8,9,9,8,8.07,8,9,9,8.44,8.66,9,8.14,9,9,9,9,9,9,9,9,9,9,9,8.01,9,9,9,8,9,8,8,8,9,9,9,8
5.1.1.3,7,7,6.94,7,7,7,7,7,7,6,7,7,7,6,6,6.95,6.82,6.97,7,6,6,7,7,6.33,7,7,6.74,6,6,6,7,7,6,6.15,6,7,7,6.44,6.55,7,6.14,7,6.77,7,6.03,6.02,7,7,7,7,7,7,7,6.43,6.04,7,6,7,6.02,6,7,7.04,7,7,6
5.1.1.7,4,5,5,4.16,5,4,5,4,5,4,5,4.98,4.99,4,4,4.12,4,4.99,4,4.04,4,4,4.91,4,4.62,5,4.79,4,4,4,4.94,4,4,4,4,5,4.98,4.41,4,4.44,4.14,4.77,4,4.91,4,4,4.99,5,4,4.1,4,4,4,4,4,4,4,4.09,3,4,3.2,5,5,3.93,4
5.1.3.1,4,3,3,3.17,3,3.04,3,3,3,3,3,3,3,3,3,3,3,3,4,3,3,3,4,3,3,3,3,3,3,3,3,4,3,3,3,3,3,3,3,4,3.01,3,4,3,3,3,3,3.01,3,3,3,4,3.63,3,3,4,3.37,3,3,3,3,4,3.93,3,4
5.1.3.2,4,5,5,5.17,5,5,5,5,5,5,4.99,5,5,5,5,5,5.82,5,5,5,5,6,5,5,5,5,5,5,5,5,5,5.05,5,5,5.01,5,5,5,5,5,5.05,6,5,5,5,5,5.04,5,5,5,5,5,5,5,5,5,5,5,8,5,4,5,4.03,6,5.14
5.1.3.3,3,3,3.12,4,3,4,3,4,3,3.05,3,3.99,4,4,4,4,3.87,4,4,4,4,4,4,4,4,4,3,4,4,4,4,4,4,3,4,4,4,4,4,3,3.14,4,4,4,4,4,4,4,4,4,4,4,4,4,4,4,4,4,5,4,4,3,4,4,4
5.3.1.1,4,4.99,4,4.68,4.01,4,4.86,5,4.01,4,4,4,4,4.87,4,4,4,4,4.43,4,4,4,4.05,4,4,4,4,4,4,4,4,5,4,4,4,4,4,4,4,4,4.07,4,4,4,4,4,4,4.65,4.09,4,4,4,4,4,4,5,4,4.01,4,4,4,3,4.15,4.42,4
5.3.1.12,3,3,3,3,3,3,3,3,3,4,3,4,4,3,4,4,3.82,4,3,4,3.98,4,3,4,3.25,4,4,4,4,4,4,3,3,4,4,4,4,4,4,3,3.05,4,3,4,4,3,3,3,3,4,3,3,3,4,3,3,3,3.02,3.27,4,3,4,3,3,3
5.3.1.16,3.7,4,3,3.12,4,3,4,3,4,5,4,5,5,3,5,5,5,5,3,5,4,5,3.34,5,4.95,4.67,4.87,5,5,4.22,5,3,4,4,4.97,5,5,4.94,5,4,4,5,3,5,5,4.3,4,4,5,4,4,4.05,4,5,5,3,5,5,3,4,4,4,5,5,3.1
5.3.1.23,4.02,6,4,4.17,7,4.14,6.17,4,7,8,6.99,8,8,4.9,8,7.96,7.82,8,4,7.06,7,8,2.35,8,7,7,7.86,8,8,7,8,4.6,7,7,8,8,8,7.35,8,4,6,8,3.02,8,8,7,7,5,7,7,5,6,5,8,6.43,4,3,7,3,7,5.83,5,7,7.16,6
5.3.1.24,3,3.61,3,4,3,3.99,3.08,3,3,3,3.71,3,4,4,3,3,3,3.99,4,3,3,3.01,4.67,3,3.82,4,3,3,3,3,3.49,4,3,3,3,3.16,3,3,3,4,3.14,3.32,4,3,3,3,3.58,3.59,3,3,4,4,4,3,3,4,3,3.13,3,3,3,4,4,4,3
5.3.1.26,3.88,2,2.3,2.03,2,2,2.89,2,2.01,3,2,2,2,2,2,2,2.82,2,2,2,2,2,3,2,2,2,3,3,2,2,2,2.64,2,2,2,2,2,2,2,3,2,2,2.83,2,2,2,2,2,2,2,2,2,2,2,2,2.93,2,2,3,2,3,2,3,3,2.65
5.3.1.8,5,4,5,5.17,4,5,4,5,4,4.89,4,5,5,5,4.2,5,4.82,5,5,5,4,5,6,4.33,5,5,5,5,4,4.68,5,5,4.12,4.68,4,4.97,4.02,4.86,4.83,5,4.26,5,5,4.84,4.04,4.74,5,5,5,5,5,5,5,4.37,5,5.99,5,5,5,5,5,6,4,5,5
5.3.1.9,6,6,7,6.17,6,6.17,6,6,6,5.03,6,6,6,6,6,6,5.82,6,6.61,6,6,6,6.98,6,6,6,6,6,6,6,6,7,6,5.67,5.8,6,6,6,6,6.18,6.14,6,6.13,6,6,6,6.01,6.01,6,6,7,6,6,6,6,7,6,6,6,6,6,6.99,7,6,6.04
5.3.3.2,3,3,3,3,3,3,3,3,3,2.01,3,3,3,3,3,3,3,3,3,3,2.99,3,3.07,3,3,3,2.9,3,2.38,3,3,3,3,2.97,3,2.63,2.99,3,3,3,2.51,3,3,3,3,2.26,3,3,3,3,2,3,3,3,2.51,3,3,2.5,4,3,3,3,2,4,2
5.4.2.10,8,9,9,9,9,9,9,9,9,8,8.99,9,9,9,8,8.44,8.82,9,9,8,8,9,9,9,9,9,8.86,9,8,8.24,9,9,8,8.61,8,9,9,8.44,8.66,9,8.14,9,9,9,8.18,9,9,9,9,8.26,8.01,9,9,9,8.93,9,8.01,9,9,8,8,9,9,9,8
5.4.2.11,3,2,2,2,2,2,2,2,2,2,2,2,2,2,2,2,2,2,2,2,2,2,2,2,2,2,2,2,2,2,2,2,2,2,2,2,2,2,2,2,2,2,2,2,2,2,2,2,2,2,2,2,2,2,2,2,2,2,2,2,2,2,2,2,2
5.4.2.12,5,5,5,4.17,5,4,4.5,4,5,4,5,5,5,4,4,4,4,5,5,4.16,4,4.25,4.88,5,4,4.97,4,4,5,4.03,5,4,4,4,4,4.99,5,5,4,4,4.07,4.48,4.06,5,4.7,4.04,5,5,5,4,5,4,4,5,5,4.67,4,5,4,5,4.89,5,4,4,5
5.4.2.7,3.21,3,3,2.17,3,3,3,2.54,3,2,2.97,2,2,2.28,2,2,2,2,3,2,2,2,3,2,2,2,2,2,2,2,2,3,2,2,2,2,2,2.49,2,2,2.09,2,2,2,2,2,2,3,2.23,2,2,2,2,2,2,3,2,2,3,2,2,2,2.04,2.01,3
5.4.3.8,6,4,3,3.19,4,3,4,3,3.92,3,3.38,3,3,3,3,3,3,3,4,3,3,3,3,3,3,3,3,3,3,3,3,3,3,3,3,3,3,3,3,4,3.09,3,2,3,3,3,3,3,3,3,3,3,3,3,3,4,2.19,3,2.73,4,3,3.98,4,3,3
5.4.4.2,3,3,3,3.17,3,4,3,3,3,3,3,3.04,3,3,3,3.69,3.82,3.94,3,3,3,4,4,3.97,4,4,3.94,3.83,3,4,3.88,4,3,3.07,3.97,3,3.38,4,3.42,3.98,3.12,4,4,4,3,3,3.01,3,4,3.99,3,3.79,3,3,3,3,4,3.01,5.09,4,3,4,4,3,4
5.4.99.15,3,7,5,5.17,6,5,6.22,4,6.01,6,6.48,6,6,5,6,6,5.82,6,4.89,6,6,6,4,6,6,6,5.86,6,6,6,6,5,6,6,6,6,6,6,6,6,5.14,6,4,6,6,5,5.14,5,6,6,4,5,5,6,5,5,4,5.06,4,6,5,6,6,5,4
5.4.99.5,2,8,5,3,7,3,7.01,3,7,3,7.53,4,3.86,3,3.07,3.04,3,4,3,4,3,4,3,3,3,4,3,3,4,3.35,4,3,3,3,3.5,4.83,4,3.01,4,3,3.01,4,3,4,4,3,3,5,3,3.99,3,3,3,3,3,3,3,3,2,4,4,2,4,3,4
5.4.99.9,2,2,2,2,2,2,2,2,2,2,2,2,2,2,2,2,2,2,2,2,2,2,2,2,2,2,2,2,2,2,2,2,2,2,2,2,2,2,2,2,2,2,2,2,2,2,2,2,2,2,2,2,2,2,2,2,2,2,4,2,2.01,2,2,2,2
6.1.1.1,6,5,5,6,5,6,5,6,5,5,5,5,5,5,5,5,5,5,6,5,5,5,6.26,5,5,5,5,5,5,5,5,6,5,5,5,5,5,5,5,5.21,5.14,5,6,5,5,5,6,6,5,5,6,6,6,5,5,6,6,5.02,6,5,5,6,6,6,5
6.1.1.10,7,6,6,6.17,6,6,5.48,6,6,6,6,6,6,6,6,5.99,5.82,6,6.23,6,5,6,6.88,5.83,6,6,5.86,6,5,6,6,6,5,5.99,5,6,6,6,5.84,6,6,6,6,6,6,6,6.38,6,6,6,6.29,6,6,6,6.02,7,6.91,6.95,6,5,6,6,6,6,6
6.1.1.11,5.27,4,6,5.16,4,5,4,5,4,4,4,4.05,4.09,5,4,5,4.82,5,5.9,4,4,5,6,4,4.98,4,4,4,4,4,5,5.25,4,4,4.01,4,4,4.16,4,5,4.96,5,6,5,4,5,5,5,5,5,6,5,5,5,5,5,5.45,5,5.76,5,4,5,5,6,4.84
6.1.1.14,7,8,8,8,8,8,8,7,8,7,7.96,7,7.1,7.88,7,7,7,7.76,8,7,7,7.24,8,7,7,7,7,7,7,7,7,8,7,7,7,7,7,7,7,7.98,7.14,8,8,7,7,7,8,8,8,7,8,8,8,7,7.97,8,8,8,8,7,7,8,8,7,7
6.1.1.15,8,8,9,9,7,9,7.35,9,7.9,7.07,7.67,7.28,8,9,7,8,7.82,8,9,7.91,7,8,9,8,8,8,7.86,8,7.09,7.95,8,9,7,7.26,7.52,8,8,7.86,8,8.78,8,8,9,8,8,8,8,8,8,8,9,9,9,8,8,9,8,8,8,7.1,8,8,8,9,8
6.1.1.16,7,6,6,6.52,6,6.96,6,6.67,6,6,6,6,6,6.98,6,6,6.85,6,7,6,6,7,7,6,6,6,6,6,6,6,6,7,6,6,6.78,6,6,6,6,6.99,6.14,7,7,6,6,6,6,6,6,6,7,7,6.5,6,6,7,7,6.62,9,6,6,6.54,7,6,6
6.1.1.17,6.95,5.02,6,6.17,5,6.77,5.1,6,5,5.03,5,6,6,6,5.57,5.34,5.82,6,7,5,5,6,6.84,5,5.91,5.79,6,5.02,5,5.69,6,6.22,5.1,5.66,5,5.84,6,5.47,6,6.53,5.23,6,7,5.39,5,5.94,6,6,6,5,6,6,6,6,6,7,6,6,6,6,6,6,6,6,6
6.1.1.18,2,3,3,3,3,3,3,3,3.03,4,3,3.03,4,3,4,4,3.8,4,3,3,3,4,3,4,3,4,4,4,4,3,4,3,3.49,3.01,3,4,4,3.86,4,3.86,3.09,4,3,4,4,3,3,3,3,3.35,3,3.79,3,3.99,3.49,3,2,3,2,4,2,3,3,4,3
6.1.1.19,8,7,7,7.17,7,7.97,7,7,7,7,7,7,8,7,7,7,7.82,7.44,7.19,7,7,8,8,7,7,7,7,7,7,7,8,8,7,7,7,7.57,7,7,7,7.97,7.14,8,8,7.88,7.23,8,8,8,8,7,8,8,8,8,8,8,8,8,8,7,6.97,7,7,7.1,7
6.1.1.2,7.88,4,4,4.56,4,5,4,5,4,4,4,4,4,4.78,4,4,4.82,4.97,5,4,4,4,5.93,4,4,4,4.55,5,4,4,4,5,4,4,4,4,4,4,4,5,4.14,4,5.04,4,4,5,5,4,4,4,4.98,5,4.49,4,4,5,5,4.76,5,4,5,4.02,4,4.9,4.76
6.1.1.20,9,9,9,9.08,9,9,9,9,9,9,9,9,9,9,9,9,9,9,9,9,9,9,9,9,9,9,9,9,9,9,9,9,9,9,9,9,9,9,9,9,9,9,9,9,9,9,9,9,9,9,9,9,9,9,9,9,9,9,9,9,9,9,9,9,9
6.1.1.21,6,5,6,6.17,5,6,5,6,5,5,5,5,5.09,6,5,5,5.82,5,6,5,5,6,6.92,5,5,5,5,5,5,5,5,6,5,5,5,5,5,5,5,6,5.14,6,6,5,5,5,6,5,6,5,6,6,6,5,5,6,6,6,7,5,5,6,5,5.09,5
6.1.1.22,4,2,2,2.33,2,2.97,2,3,2,2,2,2,2,2.99,2,2,2,2.05,3,2,2,3,3,2,2,2,2,2,2,2,2,3,2,2,3,2,2,2,2,2,2.01,3,3.24,2,2.12,2,3,2,2,2,4,3,3,2.04,2.9,3,3,2.94,4,2,2,3,3.21,2,2.97
6.1.1.3,6.97,6,6,6,6,6,5.95,6,6,5,6,5,6,6,5,5,5.82,6,6,5,5,6,6.02,5,5,5,5,6,5,5,5.17,6,5,5,5,6,5,5,5.04,6,5.14,6,6,5,5,5.43,6,6,5.6,5.07,6,6,6,5.97,5.04,6.61,6,6,7,5,5,7,5,5,6
6.1.1.4,8,7,7,7.17,7,7,7,7,7,7,7,7,7,7,6,7,6.84,7,7,6,6.98,7,8,6.06,7,7,6.86,6.98,6.05,6.24,7,7,6,6.85,6,7,7,6.94,6.98,7,6.61,7,7.02,7,6.9,7,7,7.16,7,6.72,7,7,7,7,7,8,7,7,7,7,6,7,7,7,7
6.1.1.5,8,8,8,8.16,8,8,8,8,8,8,7.99,8,8,8,8,8,8,8,8,8,8,8,8,8,8,8,8,8,8,8,8,8,8,8,8,8,8,8,8,8,7.77,8,8,8,8,8,8,8,8,8,8,8,8,8,8,8,8,8,8,7.28,8,8,8,8,8
6.1.1.6,6,6,6,6.17,6,6,6,6,6,6,6,6,6,6,6,6,6.82,6.05,7,6,6,6.28,6,6,6,6,6.86,6.1,6,6,7,6,6,6,6,6.99,6.06,6,6.01,6.09,6.14,6.14,6,6,6.04,6.03,6.09,6,6.01,6,6.09,6.65,6,7,6,6,6,6.39,6,6.02,6,6,7,7,6
6.1.1.7,9,9,9,9,9,9,9,9,9,8,8.99,9,9,9,8,9,8.82,9,9,8,8,9,9,9,9,9,8.86,9,8,8.3,9,9,8,8.14,8.69,9,9,8.44,8.88,9,8.14,9,9,9,9,9,9,9,9,9,9,9,9,9,9,9,9,9,9,8,8,9,9,9,8
6.1.1.9,8,8,8,8,7.49,8,7.44,8,7.97,7,7.53,7,7,8,7,7,7,7,8,7,7,7.01,8,7,7,7,7,7,7,7,7,8,7,7,7,7,7,7,7,8,7.14,7.34,8,7,7,7,7.98,8,8,7,8,8,8,7.13,7,8,8,8,8,6,6.94,7,8,8,7.93
6.2.1.1,4,6,5,4,5,5,5.17,3,5,4,5,5,5,4,5,4,4,4.94,4,4,4.3,4,3.89,4.28,5,4.24,4,4,4.1,4,5,4,4,4.01,4,5,5,5,4,4,4.14,4,3,4.99,5,4,4,4.12,4,5,3.01,4,3.99,4,4,4,3,4,3,4,3,5,4,4,4
6.2.1.16,2,5,3,3,4,3,4,3,4,3,4,3,3,3,3,3,3,3,3,3,3,3,2.97,3,3,3,3,3,3,3,3,3,3,3,3,3,3,3,3,3,3,3,3,3,3,3,3,3,3,3,3,3,3,3,3,3,2,3,2.99,3,3,3,3,2,3
6.2.1.26,5,3,3,3,3,3,3,3,3,4,3,4,4,3,4,4,3.24,4,3,4,3,4,3,4,4,4,4,4,4,4,4.1,3,4,4,4,4,4,4,4,3.01,4,4,4,4,4,4,3.93,3,4,4,3,3.01,3.14,4,4,3,3,4,2,4,4,3,4,4,3
6.2.1.3,2,5,4,3,4,3,4.18,3,4,3,4.99,4,3.74,3,4,3.99,3,4,3,3.73,3,3,2.9,3.01,4,4,3,3,3,3.19,4,3,4,3.83,3,4,3.95,3.99,3.7,4,3.1,3.27,3,3,3.39,3,3,4,3,4,3,3,3,3,3,2.98,2,3,2,3,3,4,4,2.97,4
6.2.1.5,7,8,7.02,7.03,7,7,7.26,6,7.01,7,7.53,7,7,7,7,7,7,7,7,7,7,7,6.93,7,7,7,7,7,7,7,7,7.01,7,7,6.72,7,7,7,7,7,7,7,7,7,7,7,7,7,7,7,6.99,7,7,7,7,7,6,7,6,6,6.95,7,7,7.87,7
6.3.1.2,7,9,8,8,8,8,8,7.14,8,7.87,8.48,8,8,8,8,8,7.82,8,8,8,8,8,7.64,8,8,8,7.86,8,8,7.3,8,8,8,8,7.81,8,8,8,8,8,7.14,8,8,8,8,8,8,8,8,8,7,7.01,7,8,8,8,7,8,7,8,8,7.12,8,8,8
6.3.1.20,3,2,2,2,2,2,2,3,2,2,2,2,2,2,2,2,2,2,2,2,2,2,3.01,2,2,2,2,2,2,2,2,2,2,2,2,2,2,2,2,2,2,2,2.21,2,2,2,2,2,2,2,4,2,2,2,2,2,2.09,2,3,2,2,2,2,2,2.61
6.3.2.1,5,5,5,5.17,5,5,5,5,5,5,5,5,5,5,5,5,4.82,5,5,5,5,5,5.9,5,5,5,4.02,5,5,5,5,5,5,5,4.98,5,5,5,5,5,5,5,6,5,5,5,5,5,5,5,6,5,5,5,5,6,5,5,5,5,6,5.91,5,5,5
6.3.2.10,7,8,7.42,7.17,8,8,8,8,8,8,8,8,8,7,8,8,7.83,8,8,8,8,8,8,8,8,8,8,8,8,8,8,8,8,7.86,7.98,8,8,8,8,8,7.14,8,7.32,8,8,8,8,8,8,8,7,8,7.95,8,8,8,7,8,7,7.01,7,8,8,8,7
6.3.2.17,7,8,8,8,8,7.88,7.98,7.01,8,7,7.53,7.24,8,8,7,7.27,7.82,8,8,7,7,8,8,7.62,7.08,8,7,7.19,7,7.01,8,8,7,7,7,7.2,7,7.03,7.06,8,7.14,8,8,7.99,7.15,8,8,8,8,7.2,8,8,8,8,8,8,8,8,8,7,7,8,7,8,7
6.3.2.2,5,8,7,7,8,7,8,6,8,7,7.99,7.87,8,7,7,7.98,7.82,8,7,7.14,7,7.99,6.86,8,8,8,7,7,7.13,7,8,7,7,7,7,8,8,7.44,7.44,7,7.14,8,7,8,8,7,8,7.98,8,7.34,7,7.27,7,8,7.99,7,7,8,7,7,6.98,7.98,7.84,7,7
6.3.2.4,6,7,6.01,6.99,7,7,7,6,7,6.65,6.82,7,7,6,7,7,6.82,7,7,7,6.8,7,7,7,7,7,7,7,7,7,7,7,6.95,7,6.98,7,7,7,7,6.84,6.14,7,7,7,7,6.96,7,7,7,7,8,7,6.61,7,7,6.02,6,7,7,6,6.04,7,7,6,7
6.3.2.6,3,3,4,3.72,4,3.02,3,4,3,3,3,4,3,4,3,4,3,3,4,3,4,5,4,3,3,3,3,3,3,3,5,4,3,3,3,3,4.99,3,3,3.67,3,3,3.68,4,3,3,3,3.11,3,3,4,3,3,3,3,4,3.36,3,3,3,3,3,4,4,3
6.3.2.8,6.4,7,6,6.17,7,7,6.99,6,7,6.05,6.99,7,7,6,6,6.05,6.82,7,7,6,6,7,6,7,7,7,6.05,6.78,6.01,6.05,6.99,7,6.01,6.8,6.67,7,7,6.44,6.57,7,6.14,7,6.01,7,6.07,6.01,7,6.04,7,7,6,7,6,6.51,6,6,6,7,7,7,7,6.93,6,6.59,7
6.3.2.9,7,7.56,7,7.17,7,7,7,7,7,7,7,7,7,7,7,7,6.83,7,7,7,7,7,7,7,7,7,7,7,7,7,7,7.01,7,7,7,7,7,7,7,7.79,7.12,7,7,7,7,7,7,7,7,7,7,7,7,7,7,7,6.85,7,7,6.01,7,7.1,7,7,6
6.3.3.1,4,4,4,4,4,4,4,3,4,4,3.15,3.05,4,3.45,3.05,4,4,4,4,3,3.81,4,4,4,4,4,4,4,3.38,3.61,3,4.04,3.86,4,3.27,3.6,4,4,4,4,3.96,4,4,4,3.03,3.95,3.91,3,4,4,3,4,3.3,3.51,4,4,3,4,4,4,4,3.12,5,5,3.45
6.3.3.3,3,4,4,4,4,4,4,4,4,4,4,4,4,4,4,4,3.99,4,4,4,4,4,3.95,4,4,4,4,4,4,4,4,4,4,4,4,4,4,4.01,4,4,4.12,4,4,4.55,4,4,4,4,4,4,4,4,4,4,4,4,3,4,2.01,4,4,5,4,4,4.91
6.3.4.13,5,6,5,5.17,6,5,6,4,6,5,6,5,5,5,5,5,5,5,5,5,5,5.56,4.89,5,5,5,5,5,5,5,5,5,5,5,5,5,5,5,5,5,5.14,5.43,5,5,5,5,5,5,5,5,5,5,5,5,5,5,5,5,7,5,4,5,6,4.02,6
6.3.4.15,6,6.97,7,7,6.51,7,6.59,6.78,6.12,6.76,6.53,7,7,7,6,7,6.82,7,7,6.16,6.03,7,7.9,7,7,6.98,6.64,7,6,6.93,7,7,6.85,6.96,6,7,7,6.82,6,7,6.14,7,7,7,6.36,6,7,7,7,7,7,7,7,7,7,7,7,7,6.06,7,6,7,7,6,7
6.3.4.2,6,4,5,5.05,4,5,4,5,4.04,5,4.24,4,4,4.2,4,4,4.82,5,5,4,4.4,5,4.97,4.94,4.71,4.18,4,4,4,4.02,5,5,4,4,4,4,4,4.54,4.04,4.08,4.14,5,5,5,4,4,5,4,5,4.93,5,4.99,4.08,4.98,4.5,5,4.53,5,5.31,4,4,4,5,5,5
6.3.4.20,3,3,2,2.1,3,2,3,2,3,2,3,2,2,2,2,2,2,2,3,2,2,2,2.95,2,2,2,2,2,2,2,2,2.02,2,2,2,2,2,2,2,2,2,2,2.97,2.56,2,2,2,2.42,2,2,2,2,2.59,2,2,2,2,2,3,2,3,2,3,2,2
6.3.4.21,5,5,6,6,5,6,5.25,5.59,5,5,5,5,5,5.86,5,5,4.82,5,6,5,5,5,6,5,5,5,5,5,5,5,5,6,5,5,5,5,5,5,5,5.99,5.14,5.98,6,5.78,5,5,6,5.43,5,5,6,6,6,5,5,6,6,5,7,5,5,6,6,5,4
6.3.4.3,4,3,4,4,3,4,3,4.01,3,3,3,3,3,3,3,3.03,3.36,3,4,3,3,3,4,3,3,3,3,3,3,3,3,3,3,3,3,3,3,3,3,4,3.11,3,4,3,3,3,3,3,3,3,4,3.85,3,3,3,4,3.93,3,4,3,4,3,3,3,2
6.3.4.4,6,5,6,5.8,5,5.15,5.16,6,5.01,6,5,6,6,5.99,6,6,6.44,6,6,6,6,6,6,6,5.94,6,6,6,6,6,6,6,6,6,6,6,6,6,6,5,5.14,6,6,6,6,6,6,5,6,6,6,6,5,6,5.02,6,5,6,6,6,6,6,6,6,5
6.3.4.5,3,3,3.18,3.11,3,3.29,3,4,3,2.09,3,3,3,3,3,3,2.88,3,4,2.93,3,3,3.31,3,3,3,3,2.84,2.12,3,3,3,3,3,3,2.88,3,3,2.99,3.05,3,3,3,3,3,3,3,3,3,3,4,3,3,3,3,4,3,3,4,3,3.33,3,2.98,3,3
6.3.5.2,5,4,4,4.18,4,5,4,5,4,4,4,4,4,4,4,4,4.82,4.72,5,4,4,5,4,4,4,4,4,4,4,4,4,5,4,4,4.65,4,4,4,4,4.99,4.14,5,5,4,4,4,4,4,4,4,4.41,4,4,4,4,4,5,4,7,3.29,4,4,4,5,3
6.3.5.3,7,8,8,8,7,8,7.36,7,7.91,7,7.53,7,7.81,8,7,7,7,7,8,7,7,7,7.8,7,7,7,7,7,7,7,7,8,7,7,7,7,7,7,7,7.82,7.14,7,7,7,7,7,7.98,7,7,7,7,7.01,7.78,7,7,8,7,7,7,7,7,8,7,7,8
6.3.5.4,7,8,8,8.17,8,8,8,8,8,8,8,8,8,8,8,8,7.82,8,9,8,8,8,8,8,8,8,7.9,8,8,8,8,8.43,8,8,8,8,8,8,8,8,8.14,8,8,8,8,8,8,8,8,8,8,8,8,8,8,8,8,8,8,8,8,8,8,8,8
6.3.5.5,9,8.14,9,9,8,9,8,8.26,8,8,8.05,8,8,8,8,8,8.11,8,9,8,8,8,9,8,8,8,8,8,8,8,8,9,8,8,8,8,8,8,8,8.96,8.14,8,8,8,8,8,8,8,8,8,8,8,8,8,8,9,8,8,9,8,8,8,8,8,8
6.3.5.7,9,10,10,10,10,9,10,9,10,9,10,10,10,9,9,9.44,9.82,10,9,9,9,9,9,10,10,10,9.86,10,9,9,9.42,9.97,9,9.06,9,10,10,9.44,9.5,9.79,9,9.14,9,10,9.05,9,9,9,10,10,9,9,9,9,9,9,9,9,9,9,9,9,9,9,9
6.4.1.1,6,4.81,4.06,4.11,4.51,4.13,4.13,4,4.74,4,4.01,4,4,4,4,4,4,4,4.94,4,4,4,3.9,4,4,4,4,4,4,4,4,4,4,4,4,4,4,4,4,5,4.11,4,4,4,4,4,4,4,4,4,4,3.99,3.57,4,4,4,4,4,5,4,4,4,5,5,3
6.4.1.2,8,9,9,9,9,8.01,9,8,9,8,8.99,9,9,9,8,8,8.82,9,8,8,8,8,8,9,8.78,8.98,8.86,8,8,8,9,8.98,8,8,8,9,8,8.44,8.52,9,8.14,8.98,8,9,9,8,8.98,8.98,9,8,8,8.06,8,9,8,9,8,8.98,8,8.02,8,9,8,8,8
6.6.1.1,3,3,3,3.72,3.94,3,4,3,4,5,4,5,4.79,3,5,4.96,5.51,5,3,5,4.05,5,3.71,5,4,4,5,5,5,5,5,3,5,4.04,4.97,5,5,4.98,5,5,4.06,5,3.17,5,5,4,4,3,4,5,4,4,4,4,4,3,3,4,3,5,4,4,4,5,3
6.6.1.2,3,4,3,3,5,3,5,3.93,5,6,5,6,6,3,6,6,5.82,7,3,6,6,6,2,6,6,6,6,6,6.94,6,6.95,3,6,6,7,7,7,6,6,4,4.01,6,3,6.18,7,6,5,4.07,5,6,3,4.07,4,6,5,3,2,5.1,2,6,3,3,5,5.01,5.04
